Workbook

Sheet Hoja 1
B2: ='Bonificadores - Bastrea Guerrero'!E1 -> #REF! | G2: 1 | J2: ='Bonificadores - Ascaria Guerrero'!E1 -> #REF! | O2: 1
B3: ='Bonificadores - Bastrea Guerrero'!E2 -> #REF! | C3: ='Bonificadores - Bastrea Guerrero'!F2 -> #REF! | D3: ='Bonificadores - Bastrea Guerrero'!G2 -> #REF! | E3: ='Bonificadores - Bastrea Guerrero'!H2 -> #REF! | F3: ='Bonificadores - Bastrea Guerrero'!I2 -> #REF! | G3: ='Bonificadores - Bastrea Guerrero'!J2 -> #REF! | J3: ='Bonificadores - Ascaria Guerrero'!E2 -> #REF! | K3: ='Bonificadores - Ascaria Guerrero'!F2 -> #REF! | L3: ='Bonificadores - Ascaria Guerrero'!G2 -> #REF! | M3: ='Bonificadores - Ascaria Guerrero'!H2 -> #REF! | N3: ='Bonificadores - Ascaria Guerrero'!I2 -> #REF! | O3: ='Bonificadores - Ascaria Guerrero'!J2 -> #REF!
A4: ="Vida "&'Bonificadores - Bastrea Guerrero'!F7 -> #REF! | B4: ='Bonificadores - Bastrea Guerrero'!E3 -> #REF! | C4: ='Bonificadores - Bastrea Guerrero'!F3 -> #REF! | D4: ='Bonificadores - Bastrea Guerrero'!G3 -> #REF! | E4: ='Bonificadores - Bastrea Guerrero'!H3 -> #REF! | F4: ='Bonificadores - Bastrea Guerrero'!I3 -> #REF! | G4: ='Bonificadores - Bastrea Guerrero'!J3 -> #REF! | I4: ="Vida "&'Bonificadores - Ascaria Guerrero'!F7 -> #REF! | J4: ='Bonificadores - Ascaria Guerrero'!E3 -> #REF! | K4: ='Bonificadores - Ascaria Guerrero'!F3 -> #REF! | L4: ='Bonificadores - Ascaria Guerrero'!G3 -> #REF! | M4: ='Bonificadores - Ascaria Guerrero'!H3 -> #REF! | N4: ='Bonificadores - Ascaria Guerrero'!I3 -> #REF! | O4: ='Bonificadores - Ascaria Guerrero'!J3 -> #REF!
A5: ="Armadura "&'Bonificadores - Bastrea Guerrero'!G7 -> #REF! | B5: ='Bonificadores - Bastrea Guerrero'!E4 -> #REF! | C5: ='Bonificadores - Bastrea Guerrero'!F4 -> #REF! | D5: ='Bonificadores - Bastrea Guerrero'!G4 -> #REF! | E5: ='Bonificadores - Bastrea Guerrero'!H4 -> #REF! | F5: ='Bonificadores - Bastrea Guerrero'!I4 -> #REF! | G5: ='Bonificadores - Bastrea Guerrero'!J4 -> #REF! | I5: ="Armadura "&'Bonificadores - Bastrea Guerrero'!N7 -> #REF! | J5: ='Bonificadores - Ascaria Guerrero'!E4 -> #REF! | K5: ='Bonificadores - Ascaria Guerrero'!F4 -> #REF! | L5: ='Bonificadores - Ascaria Guerrero'!G4 -> #REF! | M5: ='Bonificadores - Ascaria Guerrero'!H4 -> #REF! | N5: ='Bonificadores - Ascaria Guerrero'!I4 -> #REF! | O5: ='Bonificadores - Ascaria Guerrero'!J4 -> #REF!
B7: ='Bonificadores - Bastrea Paladin'!E1 -> Humano de Bastrea, Paladin de Nivel 1 | G7: 1 | J7: ='Bonificadores - Ascaria Paladin'!E1 -> #REF! | O7: 1
B8: ='Bonificadores - Bastrea Paladin'!E2 -> Fue | C8: ='Bonificadores - Bastrea Paladin'!F2 -> Des | D8: ='Bonificadores - Bastrea Paladin'!G2 -> Con | E8: ='Bonificadores - Bastrea Paladin'!H2 -> Int | F8: ='Bonificadores - Bastrea Paladin'!I2 -> Sab | G8: ='Bonificadores - Bastrea Paladin'!J2 -> Car | J8: ='Bonificadores - Ascaria Paladin'!E2 -> #REF! | K8: ='Bonificadores - Ascaria Paladin'!F2 -> #REF! | L8: ='Bonificadores - Ascaria Paladin'!G2 -> #REF! | M8: ='Bonificadores - Ascaria Paladin'!H2 -> #REF! | N8: ='Bonificadores - Ascaria Paladin'!I2 -> #REF! | O8: ='Bonificadores - Ascaria Paladin'!J2 -> #REF!
A9: ="Vida "&'Bonificadores - Bastrea Paladin'!F7 -> Vida 7 | B9: ='Bonificadores - Bastrea Paladin'!E3 -> 16 | C9: ='Bonificadores - Bastrea Paladin'!F3 -> 11 | D9: ='Bonificadores - Bastrea Paladin'!G3 -> 11 | E9: ='Bonificadores - Bastrea Paladin'!H3 -> 10 | F9: ='Bonificadores - Bastrea Paladin'!I3 -> 14 | G9: ='Bonificadores - Bastrea Paladin'!J3 -> 7 | I9: ="Vida "&'Bonificadores - Bastrea Guerrero'!M12 -> #REF! | J9: ='Bonificadores - Ascaria Paladin'!E3 -> #REF! | K9: ='Bonificadores - Ascaria Paladin'!F3 -> #REF! | L9: ='Bonificadores - Ascaria Paladin'!G3 -> #REF! | M9: ='Bonificadores - Ascaria Paladin'!H3 -> #REF! | N9: ='Bonificadores - Ascaria Paladin'!I3 -> #REF! | O9: ='Bonificadores - Ascaria Paladin'!J3 -> #REF!
A10: ="Armadura "&'Bonificadores - Bastrea Paladin'!G7 -> Armadura 11 | B10: ='Bonificadores - Bastrea Paladin'!E4 -> 4 | C10: ='Bonificadores - Bastrea Paladin'!F4 -> 1 | D10: ='Bonificadores - Bastrea Paladin'!G4 -> -1 | E10: ='Bonificadores - Bastrea Paladin'!H4 -> 0 | F10: ='Bonificadores - Bastrea Paladin'!I4 -> 3 | G10: ='Bonificadores - Bastrea Paladin'!J4 -> -3 | I10: ="Armadura "&'Bonificadores - Bastrea Guerrero'!N12 -> #REF! | J10: ='Bonificadores - Ascaria Paladin'!E4 -> #REF! | K10: ='Bonificadores - Ascaria Paladin'!F4 -> #REF! | L10: ='Bonificadores - Ascaria Paladin'!G4 -> #REF! | M10: ='Bonificadores - Ascaria Paladin'!H4 -> #REF! | N10: ='Bonificadores - Ascaria Paladin'!I4 -> #REF! | O10: ='Bonificadores - Ascaria Paladin'!J4 -> #REF!
B12: ='Bonificadores - Bastrea Mago'!E1 -> #REF! | G12: 1 | J12: ='Bonificadores - Ascaria Mago'!E1 -> #REF! | O12: 1
B13: ='Bonificadores - Bastrea Mago'!E2 -> #REF! | C13: ='Bonificadores - Bastrea Mago'!F2 -> #REF! | D13: ='Bonificadores - Bastrea Mago'!G2 -> #REF! | E13: ='Bonificadores - Bastrea Mago'!H2 -> #REF! | F13: ='Bonificadores - Bastrea Mago'!I2 -> #REF! | G13: ='Bonificadores - Bastrea Mago'!J2 -> #REF! | J13: ='Bonificadores - Ascaria Mago'!E2 -> #REF! | K13: ='Bonificadores - Ascaria Mago'!F2 -> #REF! | L13: ='Bonificadores - Ascaria Mago'!G2 -> #REF! | M13: ='Bonificadores - Ascaria Mago'!H2 -> #REF! | N13: ='Bonificadores - Ascaria Mago'!I2 -> #REF! | O13: ='Bonificadores - Ascaria Mago'!J2 -> #REF!
A14: ="Vida "&'Bonificadores - Bastrea Mago'!F7 -> #REF! | B14: ='Bonificadores - Bastrea Mago'!E3 -> #REF! | C14: ='Bonificadores - Bastrea Mago'!F3 -> #REF! | D14: ='Bonificadores - Bastrea Mago'!G3 -> #REF! | E14: ='Bonificadores - Bastrea Mago'!H3 -> #REF! | F14: ='Bonificadores - Bastrea Mago'!I3 -> #REF! | G14: ='Bonificadores - Bastrea Mago'!J3 -> #REF! | I14: ="Vida "&'Bonificadores - Bastrea Guerrero'!M17 -> #REF! | J14: ='Bonificadores - Ascaria Mago'!E3 -> #REF! | K14: ='Bonificadores - Ascaria Mago'!F3 -> #REF! | L14: ='Bonificadores - Ascaria Mago'!G3 -> #REF! | M14: ='Bonificadores - Ascaria Mago'!H3 -> #REF! | N14: ='Bonificadores - Ascaria Mago'!I3 -> #REF! | O14: ='Bonificadores - Ascaria Mago'!J3 -> #REF!
A15: ="Armadura "&'Bonificadores - Bastrea Mago'!G7 -> #REF! | B15: ='Bonificadores - Bastrea Mago'!E4 -> #REF! | C15: ='Bonificadores - Bastrea Mago'!F4 -> #REF! | D15: ='Bonificadores - Bastrea Mago'!G4 -> #REF! | E15: ='Bonificadores - Bastrea Mago'!H4 -> #REF! | F15: ='Bonificadores - Bastrea Mago'!I4 -> #REF! | G15: ='Bonificadores - Bastrea Mago'!J4 -> #REF! | I15: ="Armadura "&'Bonificadores - Bastrea Guerrero'!N17 -> #REF! | J15: ='Bonificadores - Ascaria Mago'!E4 -> #REF! | K15: ='Bonificadores - Ascaria Mago'!F4 -> #REF! | L15: ='Bonificadores - Ascaria Mago'!G4 -> #REF! | M15: ='Bonificadores - Ascaria Mago'!H4 -> #REF! | N15: ='Bonificadores - Ascaria Mago'!I4 -> #REF! | O15: ='Bonificadores - Ascaria Mago'!J4 -> #REF!

Sheet Bonificadores - Bastrea Paladin
A1: Tiradas | B1: Bonificadores | E1: =M1& " de " &M2& ", " & M3 & " de Nivel " & $L$2 -> Humano de Bastrea, Paladin de Nivel 1 | L1: Nivel | M1: Humano | R1: Bonus Actual Fuerza | S1: Bonus Actual Destreza | T1: Bonus Actual Constitucion | U1: Bonus Actual Inteligencia | V1: Bonus Actual Sabiduria | W1: Bonus Actual Carisma | X1: LVL | Y1: Bonus
A2: 0-1 | B2: -7 | E2: Fue | F2: Des | G2: Con | H2: Int | I2: Sab | J2: Car | L2: ='Hoja 1'!G7 -> 1 | M2: Bastrea | R2: =LOOKUP($X2+$A$48+$A$53,$X$2:$X$101,$Y$2:$Y$101) -> -3 | S2: =LOOKUP($X2+$B$48+$B$53,$X$2:$X$101,$Y$2:$Y$101) -> -4 | T2: =LOOKUP($X2+$C$48+$C$53,$X$2:$X$101,$Y$2:$Y$101) -> #N/A | U2: =LOOKUP($X2+$A$50+$A$55,$X$2:$X$101,$Y$2:$Y$101) -> -5 | V2: =LOOKUP($X2+$B$50+$B$55,$X$2:$X$101,$Y$2:$Y$101) -> -4 | W2: =LOOKUP($X2+$C$50+$C$55,$X$2:$X$101,$Y$2:$Y$101) -> #N/A | X2: 1 | Y2: -5 | Z2: =($F$9*$X$2+$X$2) -> 7 | AA2: =($F$9*X2+1*1) -> 7
A3: 45353 | B3: -6 | E3: =A43 -> 16 | F3: =B43 -> 11 | G3: =C43 -> 11 | H3: =A45 -> 10 | I3: =B45 -> 14 | J3: =C45 -> 7 | M3: Paladin | R3: =LOOKUP($X3+$A$48+$A$53,$X$2:$X$101,$Y$2:$Y$101) -> -3 | S3: =LOOKUP($X3+$B$48+$B$53,$X$2:$X$101,$Y$2:$Y$101) -> -4 | T3: =LOOKUP($X3+$C$48+$C$53,$X$2:$X$101,$Y$2:$Y$101) -> #N/A | U3: =LOOKUP($X3+$A$50+$A$55,$X$2:$X$101,$Y$2:$Y$101) -> -4 | V3: =LOOKUP($X3+$B$50+$B$55,$X$2:$X$101,$Y$2:$Y$101) -> -3 | W3: =LOOKUP($X3+$C$50+$C$55,$X$2:$X$101,$Y$2:$Y$101) -> #N/A | X3: 2 | Y3: -4 | Z3: =Z2+($F$9) -> 13 | AA3: =AA2+($F$9*X3+X3*1) -> 21
A4: 45416 | B4: -5 | E4: =LOOKUP(A43,$X$2:$X$101,R$2:R$21) -> 4 | F4: =LOOKUP(B43,$X$2:$X$101,S$2:S$21) -> 1 | G4: =LOOKUP(C43,$X$2:$X$101,T$2:T$21) -> -1 | H4: =LOOKUP(A45,$X$2:$X$101,U$2:U$21) -> 0 | I4: =LOOKUP(B45,$X$2:$X$101,V$2:V$21) -> 3 | J4: =LOOKUP(C45,$X$2:$X$101,W$2:W$21) -> -3 | R4: =LOOKUP($X4+$A$48+$A$53,$X$2:$X$101,$Y$2:$Y$101) -> -2 | S4: =LOOKUP($X4+$B$48+$B$53,$X$2:$X$101,$Y$2:$Y$101) -> -3 | T4: =LOOKUP($X4+$C$48+$C$53,$X$2:$X$101,$Y$2:$Y$101) -> #N/A | U4: =LOOKUP($X4+$A$50+$A$55,$X$2:$X$101,$Y$2:$Y$101) -> -4 | V4: =LOOKUP($X4+$B$50+$B$55,$X$2:$X$101,$Y$2:$Y$101) -> -3 | W4: =LOOKUP($X4+$C$50+$C$55,$X$2:$X$101,$Y$2:$Y$101) -> #N/A | X4: 3 | Y4: -4 | Z4: =Z3+($F$9) -> 19 | AA4: =AA3+($F$9*X4+X4*1) -> 42
A5: 45479 | B5: -4 | R5: =LOOKUP($X5+$A$48+$A$53,$X$2:$X$101,$Y$2:$Y$101) -> -2 | S5: =LOOKUP($X5+$B$48+$B$53,$X$2:$X$101,$Y$2:$Y$101) -> -3 | T5: =LOOKUP($X5+$C$48+$C$53,$X$2:$X$101,$Y$2:$Y$101) -> -5 | U5: =LOOKUP($X5+$A$50+$A$55,$X$2:$X$101,$Y$2:$Y$101) -> -3 | V5: =LOOKUP($X5+$B$50+$B$55,$X$2:$X$101,$Y$2:$Y$101) -> -2 | W5: =LOOKUP($X5+$C$50+$C$55,$X$2:$X$101,$Y$2:$Y$101) -> -5 | X5: 4 | Y5: -3 | Z5: =Z4+($F$9) -> 25 | AA5: =AA4+($F$9*X5+X5*1) -> 70
A6: 45543 | B6: -3 | F6: Vida | G6: Armadura | I6: Armadura Objeto | R6: =LOOKUP($X6+$A$48+$A$53,$X$2:$X$101,$Y$2:$Y$101) -> -1 | S6: =LOOKUP($X6+$B$48+$B$53,$X$2:$X$101,$Y$2:$Y$101) -> -2 | T6: =LOOKUP($X6+$C$48+$C$53,$X$2:$X$101,$Y$2:$Y$101) -> -4 | U6: =LOOKUP($X6+$A$50+$A$55,$X$2:$X$101,$Y$2:$Y$101) -> -3 | V6: =LOOKUP($X6+$B$50+$B$55,$X$2:$X$101,$Y$2:$Y$101) -> -2 | W6: =LOOKUP($X6+$C$50+$C$55,$X$2:$X$101,$Y$2:$Y$101) -> -4 | X6: 5 | Y6: -3 | Z6: =Z5+($F$9) -> 31 | AA6: =AA5+($F$9*X6+X6*1) -> 105
A7: 45606 | B7: -2 | E7: 12 | F7: =LOOKUP(L2,$X$2:$X$101,$Z$2:$Z$101) -> 7 | G7: =(E4/2)+G4+I7 -> 11 | I7: 10 | J7: Armadura De Placas Sencilla | R7: =LOOKUP($X7+$A$48+$A$53,$X$2:$X$101,$Y$2:$Y$101) -> -1 | S7: =LOOKUP($X7+$B$48+$B$53,$X$2:$X$101,$Y$2:$Y$101) -> -2 | T7: =LOOKUP($X7+$C$48+$C$53,$X$2:$X$101,$Y$2:$Y$101) -> -4 | U7: =LOOKUP($X7+$A$50+$A$55,$X$2:$X$101,$Y$2:$Y$101) -> -2 | V7: =LOOKUP($X7+$B$50+$B$55,$X$2:$X$101,$Y$2:$Y$101) -> -1 | W7: =LOOKUP($X7+$C$50+$C$55,$X$2:$X$101,$Y$2:$Y$101) -> -4 | X7: 6 | Y7: -2 | Z7: =Z6+($F$9) -> 37 | AA7: =AA6+($F$9*X7+X7*1) -> 147
A8: 12-13 | B8: -1 | R8: =LOOKUP($X8+$A$48+$A$53,$X$2:$X$101,$Y$2:$Y$101) -> 0 | S8: =LOOKUP($X8+$B$48+$B$53,$X$2:$X$101,$Y$2:$Y$101) -> -1 | T8: =LOOKUP($X8+$C$48+$C$53,$X$2:$X$101,$Y$2:$Y$101) -> -3 | U8: =LOOKUP($X8+$A$50+$A$55,$X$2:$X$101,$Y$2:$Y$101) -> -2 | V8: =LOOKUP($X8+$B$50+$B$55,$X$2:$X$101,$Y$2:$Y$101) -> -1 | W8: =LOOKUP($X8+$C$50+$C$55,$X$2:$X$101,$Y$2:$Y$101) -> -3 | X8: 7 | Y8: -2 | Z8: =Z7+($F$9) -> 43 | AA8: =AA7+($F$9*X8+X8*1) -> 196
A9: 14-15 | B9: 0 | F9: 6 | R9: =LOOKUP($X9+$A$48+$A$53,$X$2:$X$101,$Y$2:$Y$101) -> 0 | S9: =LOOKUP($X9+$B$48+$B$53,$X$2:$X$101,$Y$2:$Y$101) -> -1 | T9: =LOOKUP($X9+$C$48+$C$53,$X$2:$X$101,$Y$2:$Y$101) -> -3 | U9: =LOOKUP($X9+$A$50+$A$55,$X$2:$X$101,$Y$2:$Y$101) -> -1 | V9: =LOOKUP($X9+$B$50+$B$55,$X$2:$X$101,$Y$2:$Y$101) -> 0 | W9: =LOOKUP($X9+$C$50+$C$55,$X$2:$X$101,$Y$2:$Y$101) -> -3 | X9: 8 | Y9: -1 | Z9: =Z8+($F$9) -> 49 | AA9: =AA8+($F$9*X9+X9*1) -> 252
A10: 16-17 | B10: =1 -> 1 | E10: 4 | F10: =2 -> 2 | G10: / Habilidad + Nivel Creador + Bonus Inicial | I10: Creador 1 | J10: 1 + habilidad | K10: =F10+F11+F12+F13+F14 -> 10 | M10: =(E3+F3+G3+H3+I3+J3+K10+K16)/6 -> 13.833333 | R10: =LOOKUP($X10+$A$48+$A$53,$X$2:$X$101,$Y$2:$Y$101) -> 1 | S10: =LOOKUP($X10+$B$48+$B$53,$X$2:$X$101,$Y$2:$Y$101) -> 0 | T10: =LOOKUP($X10+$C$48+$C$53,$X$2:$X$101,$Y$2:$Y$101) -> -2 | U10: =LOOKUP($X10+$A$50+$A$55,$X$2:$X$101,$Y$2:$Y$101) -> -1 | V10: =LOOKUP($X10+$B$50+$B$55,$X$2:$X$101,$Y$2:$Y$101) -> 0 | W10: =LOOKUP($X10+$C$50+$C$55,$X$2:$X$101,$Y$2:$Y$101) -> -2 | X10: 9 | Y10: -1 | Z10: =Z9+($F$9) -> 55 | AA10: =AA9+($F$9*X10+X10*1) -> 315
A11: 18-19 | B11: =1 -> 1 | E11: 8 | F11: 2 | G11: / Habilidad + Nivel Creador | I11: Creador 2 | J11: 2 + habilidad | R11: =LOOKUP($X11+$A$48+$A$53,$X$2:$X$101,$Y$2:$Y$101) -> 1 | S11: =LOOKUP($X11+$B$48+$B$53,$X$2:$X$101,$Y$2:$Y$101) -> 0 | T11: =LOOKUP($X11+$C$48+$C$53,$X$2:$X$101,$Y$2:$Y$101) -> -2 | U11: =LOOKUP($X11+$A$50+$A$55,$X$2:$X$101,$Y$2:$Y$101) -> 0 | V11: =LOOKUP($X11+$B$50+$B$55,$X$2:$X$101,$Y$2:$Y$101) -> 1 | W11: =LOOKUP($X11+$C$50+$C$55,$X$2:$X$101,$Y$2:$Y$101) -> -2 | X11: 10 | Y11: 0 | Z11: =Z10+($F$9) -> 61 | AA11: =AA10+($F$9*X11+X11*1) -> 385
A12: 20-21 | B12: 2 | E12: 12 | F12: 2 | G12: / Habilidad + Nivel Creador | I12: Creador 3 | J12: 3 + habilidad | R12: =LOOKUP($X12+$A$48+$A$53,$X$2:$X$101,$Y$2:$Y$101) -> 2 | S12: =LOOKUP($X12+$B$48+$B$53,$X$2:$X$101,$Y$2:$Y$101) -> 1 | T12: =LOOKUP($X12+$C$48+$C$53,$X$2:$X$101,$Y$2:$Y$101) -> -1 | U12: =LOOKUP($X12+$A$50+$A$55,$X$2:$X$101,$Y$2:$Y$101) -> 0 | V12: =LOOKUP($X12+$B$50+$B$55,$X$2:$X$101,$Y$2:$Y$101) -> 1 | W12: =LOOKUP($X12+$C$50+$C$55,$X$2:$X$101,$Y$2:$Y$101) -> -1 | X12: 11 | Y12: 0 | Z12: =Z11+($F$9) -> 67 | AA12: =AA11+($F$9*X12+X12*1) -> 462
A13: 22-23 | B13: 2 | E13: 16 | F13: 2 | G13: / Habilidad + Nivel Creador | I13: Creador 4 | J13: 4 + habilidad | R13: =LOOKUP($X13+$A$48+$A$53,$X$2:$X$101,$Y$2:$Y$101) -> 2 | S13: =LOOKUP($X13+$B$48+$B$53,$X$2:$X$101,$Y$2:$Y$101) -> 1 | T13: =LOOKUP($X13+$C$48+$C$53,$X$2:$X$101,$Y$2:$Y$101) -> -1 | U13: =LOOKUP($X13+$A$50+$A$55,$X$2:$X$101,$Y$2:$Y$101) -> 1 | V13: =LOOKUP($X13+$B$50+$B$55,$X$2:$X$101,$Y$2:$Y$101) -> 2 | W13: =LOOKUP($X13+$C$50+$C$55,$X$2:$X$101,$Y$2:$Y$101) -> -1 | X13: 12 | Y13: 1 | Z13: =Z12+($F$9) -> 73 | AA13: =AA12+($F$9*X13+X13*1) -> 546
A14: 24-25 | B14: 3 | E14: 19 | F14: 2 | G14: / Habilidad + Nivel Creador | I14: Creador 5 | J14: 5 + habilidad | R14: =LOOKUP($X14+$A$48+$A$53,$X$2:$X$101,$Y$2:$Y$101) -> 3 | S14: =LOOKUP($X14+$B$48+$B$53,$X$2:$X$101,$Y$2:$Y$101) -> 2 | T14: =LOOKUP($X14+$C$48+$C$53,$X$2:$X$101,$Y$2:$Y$101) -> 0 | U14: =LOOKUP($X14+$A$50+$A$55,$X$2:$X$101,$Y$2:$Y$101) -> 1 | V14: =LOOKUP($X14+$B$50+$B$55,$X$2:$X$101,$Y$2:$Y$101) -> 2 | W14: =LOOKUP($X14+$C$50+$C$55,$X$2:$X$101,$Y$2:$Y$101) -> 0 | X14: 13 | Y14: 1 | Z14: =Z13+($F$9) -> 79 | AA14: =AA13+($F$9*X14+X14*1) -> 637
A15: 26-27 | B15: 3 | R15: =LOOKUP($X15+$A$48+$A$53,$X$2:$X$101,$Y$2:$Y$101) -> 3 | S15: =LOOKUP($X15+$B$48+$B$53,$X$2:$X$101,$Y$2:$Y$101) -> 2 | T15: =LOOKUP($X15+$C$48+$C$53,$X$2:$X$101,$Y$2:$Y$101) -> 0 | U15: =LOOKUP($X15+$A$50+$A$55,$X$2:$X$101,$Y$2:$Y$101) -> 2 | V15: =LOOKUP($X15+$B$50+$B$55,$X$2:$X$101,$Y$2:$Y$101) -> 3 | W15: =LOOKUP($X15+$C$50+$C$55,$X$2:$X$101,$Y$2:$Y$101) -> 0 | X15: 14 | Y15: 2 | Z15: =Z14+($F$9) -> 85 | AA15: =AA14+($F$9*X15+X15*1) -> 735
A16: 28-29 | B16: =4 -> 4 | E16: 3 | F16: 1 | G16: / Habilidad de Subclase | I16: Subclase 1 | K16: =F16+F17+F18+F19+F20+F21+F22+F23 -> 4 | R16: =LOOKUP($X16+$A$48+$A$53,$X$2:$X$101,$Y$2:$Y$101) -> 4 | S16: =LOOKUP($X16+$B$48+$B$53,$X$2:$X$101,$Y$2:$Y$101) -> 3 | T16: =LOOKUP($X16+$C$48+$C$53,$X$2:$X$101,$Y$2:$Y$101) -> 1 | U16: =LOOKUP($X16+$A$50+$A$55,$X$2:$X$101,$Y$2:$Y$101) -> 2 | V16: =LOOKUP($X16+$B$50+$B$55,$X$2:$X$101,$Y$2:$Y$101) -> 3 | W16: =LOOKUP($X16+$C$50+$C$55,$X$2:$X$101,$Y$2:$Y$101) -> 1 | X16: 15 | Y16: 2 | Z16: =Z15+($F$9) -> 91 | AA16: =AA15+($F$9*X16+X16*1) -> 840
A17: 30-31 | B17: =4 -> 4 | E17: 5 | F17: 0 | G17: / Habilidad de Subclase | I17: Subclase 2 | R17: =LOOKUP($X17+$A$48+$A$53,$X$2:$X$101,$Y$2:$Y$101) -> 4 | S17: =LOOKUP($X17+$B$48+$B$53,$X$2:$X$101,$Y$2:$Y$101) -> 3 | T17: =LOOKUP($X17+$C$48+$C$53,$X$2:$X$101,$Y$2:$Y$101) -> 1 | U17: =LOOKUP($X17+$A$50+$A$55,$X$2:$X$101,$Y$2:$Y$101) -> 3 | V17: =LOOKUP($X17+$B$50+$B$55,$X$2:$X$101,$Y$2:$Y$101) -> 4 | W17: =LOOKUP($X17+$C$50+$C$55,$X$2:$X$101,$Y$2:$Y$101) -> 1 | X17: 16 | Y17: 3 | Z17: =Z16+($F$9) -> 97 | AA17: =AA16+($F$9*X17+X17*1) -> 952
A18: 32-33 | B18: 5 | E18: 7 | F18: 1 | G18: / Habilidad de Subclase | I18: Subclase 3 | R18: =LOOKUP($X18+$A$48+$A$53,$X$2:$X$101,$Y$2:$Y$101) -> 5 | S18: =LOOKUP($X18+$B$48+$B$53,$X$2:$X$101,$Y$2:$Y$101) -> 4 | T18: =LOOKUP($X18+$C$48+$C$53,$X$2:$X$101,$Y$2:$Y$101) -> 2 | U18: =LOOKUP($X18+$A$50+$A$55,$X$2:$X$101,$Y$2:$Y$101) -> 3 | V18: =LOOKUP($X18+$B$50+$B$55,$X$2:$X$101,$Y$2:$Y$101) -> 4 | W18: =LOOKUP($X18+$C$50+$C$55,$X$2:$X$101,$Y$2:$Y$101) -> 2 | X18: 17 | Y18: 3 | Z18: =Z17+($F$9) -> 103 | AA18: =AA17+($F$9*X18+X18*1) -> 1071
A19: 34-35 | B19: 5 | E19: 9 | F19: 0 | G19: / Habilidad de Subclase | I19: Subclase 4 | R19: =LOOKUP($X19+$A$48+$A$53,$X$2:$X$101,$Y$2:$Y$101) -> 5 | S19: =LOOKUP($X19+$B$48+$B$53,$X$2:$X$101,$Y$2:$Y$101) -> 4 | T19: =LOOKUP($X19+$C$48+$C$53,$X$2:$X$101,$Y$2:$Y$101) -> 2 | U19: =LOOKUP($X19+$A$50+$A$55,$X$2:$X$101,$Y$2:$Y$101) -> 4 | V19: =LOOKUP($X19+$B$50+$B$55,$X$2:$X$101,$Y$2:$Y$101) -> 5 | W19: =LOOKUP($X19+$C$50+$C$55,$X$2:$X$101,$Y$2:$Y$101) -> 2 | X19: 18 | Y19: 4 | Z19: =Z18+($F$9) -> 109 | AA19: =AA18+($F$9*X19+X19*1) -> 1197
A20: 36-37 | B20: 6 | E20: 11 | F20: 1 | G20: / Habilidad de Subclase | I20: Subclase 5 | R20: =LOOKUP($X20+$A$48+$A$53,$X$2:$X$101,$Y$2:$Y$101) -> 6 | S20: =LOOKUP($X20+$B$48+$B$53,$X$2:$X$101,$Y$2:$Y$101) -> 5 | T20: =LOOKUP($X20+$C$48+$C$53,$X$2:$X$101,$Y$2:$Y$101) -> 3 | U20: =LOOKUP($X20+$A$50+$A$55,$X$2:$X$101,$Y$2:$Y$101) -> 4 | V20: =LOOKUP($X20+$B$50+$B$55,$X$2:$X$101,$Y$2:$Y$101) -> 5 | W20: =LOOKUP($X20+$C$50+$C$55,$X$2:$X$101,$Y$2:$Y$101) -> 3 | X20: 19 | Y20: 4 | Z20: =Z19+($F$9) -> 115 | AA20: =AA19+($F$9*X20+X20*1) -> 1330
A21: 38-39 | B21: 6 | E21: 13 | F21: 0 | G21: / Habilidad de Subclase | I21: Subclase 6 | R21: =LOOKUP($X21+$A$48+$A$53,$X$2:$X$101,$Y$2:$Y$101) -> 6 | S21: =LOOKUP($X21+$B$48+$B$53,$X$2:$X$101,$Y$2:$Y$101) -> 5 | T21: =LOOKUP($X21+$C$48+$C$53,$X$2:$X$101,$Y$2:$Y$101) -> 3 | U21: =LOOKUP($X21+$A$50+$A$55,$X$2:$X$101,$Y$2:$Y$101) -> 5 | V21: =LOOKUP($X21+$B$50+$B$55,$X$2:$X$101,$Y$2:$Y$101) -> 6 | W21: =LOOKUP($X21+$C$50+$C$55,$X$2:$X$101,$Y$2:$Y$101) -> 3 | X21: 20 | Y21: 5 | Z21: =Z20+($F$9) -> 121 | AA21: =AA20+($F$9*X21+X21*1) -> 1470
A22: 40-41 | B22: 7 | E22: 15 | F22: 1 | G22: / Habilidad de Subclase | I22: Subclase 7 | X22: 21 | Y22: 5 | Z22: =Z21+($F$9) -> 127 | AA22: =AA21+($F$9*X22+X22*1) -> 1617
A23: 42-43 | B23: 7 | E23: 17 | F23: 0 | G23: / Habilidad de Subclase | I23: Subclase 8 | X23: 22 | Y23: 6 | Z23: =Z22+($F$9) -> 133 | AA23: =AA22+($F$9*X23+X23*1) -> 1771
A24: 44-45 | B24: 8 | X24: 23 | Y24: 6 | Z24: =Z23+($F$9) -> 139 | AA24: =AA23+($F$9*X24+X24*1) -> 1932
A25: 46-47 | B25: 8 | X25: 24 | Y25: 7 | Z25: =Z24+($F$9) -> 145 | AA25: =AA24+($F$9*X25+X25*1) -> 2100
A26: 48-49 | B26: 9 | X26: 25 | Y26: 7 | Z26: =Z25+($F$9) -> 151 | AA26: =AA25+($F$9*X26+X26*1) -> 2275
A27: 50-51 | B27: 9 | X27: 26 | Y27: 8 | Z27: =Z26+($F$9) -> 157 | AA27: =AA26+($F$9*X27+X27*1) -> 2457
A28: 52-53 | B28: 10 | X28: 27 | Y28: 8 | Z28: =Z27+($F$9) -> 163 | AA28: =AA27+($F$9*X28+X28*1) -> 2646
A29: 54-55 | B29: 10 | X29: 28 | Y29: 9 | Z29: =Z28+($F$9) -> 169 | AA29: =AA28+($F$9*X29+X29*1) -> 2842
A30: 56-57 | B30: 11 | X30: 29 | Y30: 9 | Z30: =Z29+($F$9) -> 175 | AA30: =AA29+($F$9*X30+X30*1) -> 3045
A31: 58-59 | B31: 11 | X31: 30 | Y31: 10 | Z31: =Z30+($F$9) -> 181 | AA31: =AA30+($F$9*X31+X31*1) -> 3255
A32: 60-61 | B32: 12 | X32: 31 | Y32: 0 | Z32: =Z31+($F$9) -> 187 | AA32: =AA31+($F$9*X32+X32*1) -> 3472
A33: 62-63 | B33: 12 | X33: 32 | Y33: 0 | Z33: =Z32+($F$9) -> 193 | AA33: =AA32+($F$9*X33+X33*1) -> 3696
A34: 64-65 | B34: 13 | X34: 33 | Y34: 0 | Z34: =Z33+($F$9) -> 199 | AA34: =AA33+($F$9*X34+X34*1) -> 3927
A35: 66-67 | B35: 13 | X35: 34 | Y35: 0 | Z35: =Z34+($F$9) -> 205 | AA35: =AA34+($F$9*X35+X35*1) -> 4165
... A37: 70-71 | B37: 14 | X37: 36 | Y37: 0 | Z37: =Z36+($F$9) -> 217 | AA37: =AA36+($F$9*X37+X37*1) -> 4662
X38: 37 | Y38: 0 | Z38: =Z37+($F$9) -> 223 | AA38: =AA37+($F$9*X38+X38*1) -> 4921
X39: 38 | Y39: 0 | Z39: =Z38+($F$9) -> 229 | AA39: =AA38+($F$9*X39+X39*1) -> 5187
X40: 39 | Y40: 0 | Z40: =Z39+($F$9) -> 235 | AA40: =AA39+($F$9*X40+X40*1) -> 5460
A41: Resultado final | X41: 40 | Y41: 0 | Z41: =Z40+($F$9) -> 241 | AA41: =AA40+($F$9*X41+X41*1) -> 5740
A42: Fue | B42: Des | C42: Cons | X42: 41 | Y42: 0
A43: =A48+A53+A58 -> 16 | B43: =B48+B53+B58 -> 11 | C43: =C48+C53+C58 -> 11 | X43: 42 | Y43: 0
A44: Int | B44: Sab | C44: Car | X44: 43 | Y44: 0
A45: =A50+A55+A60 -> 10 | B45: =B50+B55+B60 -> 14 | C45: =C50+C55+C60 -> 7 | X45: 44 | Y45: 0
A46: Bonificacion por raza | C46: Bastrea | X46: 45 | Y46: 0
A47: Fue | B47: Des | C47: Cons | E47: Bonificacion por raza | G47: 1 | X47: 46 | Y47: 0
A48: =(E49+A65) -> 3 | B48: =(F49+B65) -> 1 | C48: =(G49+C65) -> -3 | E48: Fue | F48: Des | G48: Cons | X48: 47 | Y48: 0
A49: Int | B49: Sab | C49: Car | E49: 3 | F49: 1 | G49: -3 | X49: 48 | Y49: 0
A50: =E51+A67 -> 0 | B50: =F51+B67 -> 2 | C50: =G51+C67 -> -3 | E50: Int | F50: Sab | G50: Car | X50: 49 | Y50: 0
A51: Bonificacion por clase | C51: Guerrero | E51: 0 | F51: 2 | G51: -3 | X51: 50 | Y51: 0
A52: Fue | B52: Des | C52: Cons | E52: Bonificacion por clase | G52: 1 | X52: 51 | Y52: 0
A53: =E54+A70 -> 0 | B53: =F54+B70 -> 0 | C53: =G54+C70 -> 0 | E53: Fue | F53: Des | G53: Cons | X53: 52 | Y53: 0
A54: Int | B54: Sab | C54: Car | E54: 0 | F54: 0 | G54: 0 | X54: 53 | Y54: 0
A55: =A72+E56 -> 0 | B55: =B72+F56 -> 0 | C55: =C72+G56 -> 0 | E55: Int | F55: Sab | G55: Car | X55: 54 | Y55: 0
A56: Tiradas | E56: 0 | F56: 0 | G56: 0 | X56: 55 | Y56: 0
A57: Fue | B57: Des | C57: Cons | X57: 56 | Y57: 0
A58: 13 | B58: 10 | C58: 14 | X58: 57 | Y58: 0
A59: Int | B59: Sab | C59: Car | X59: 58 | Y59: 0
A60: 10 | B60: 12 | C60: 10 | X60: 59 | Y60: 0
X61: 60 | Y61: 0
X62: 61 | Y62: 0
A63: Bonificacion por raza | C63: =$L$2 -> 1 | X63: 62 | Y63: 0
A64: Fue | B64: Des | C64: Cons | X64: 63 | Y64: 0
A65: =IF(E49>0,$C$63-1,0) -> 0 | B65: =IF(F49>0,$C$63-1,0) -> 0 | C65: =IF(G49>0,$C$63-1,0) -> 0 | X65: 64 | Y65: 0
A66: Int | B66: Sab | C66: Car | X66: 65 | Y66: 0
A67: =IF(E51>0,$C$63-1,0) -> 0 | B67: =IF(F51>0,$C$63-1,0) -> 0 | C67: =IF(G51>0,$C$63-1,0) -> 0 | X67: 66 | Y67: 0
A68: Bonificacion por clase | C68: 2 | X68: 67 | Y68: 0
A69: Fue | B69: Des | C69: Cons | X69: 68 | Y69: 0
A70: =IF(E54>0,$C$63-1,0) -> 0 | B70: =IF(F54>0,$C$63-1,0) -> 0 | C70: =IF(G54>0,$C$63-1,0) -> 0 | X70: 69 | Y70: 0
A71: Int | B71: Sab | C71: Car | X71: 70 | Y71: 0
A72: =IF(E56>0,$C$63-1,0) -> 0 | B72: =IF(F56>0,$C$63-1,0) -> 0 | C72: =IF(G56>0,$C$63-1,0) -> 0 | X72: 71 | Y72: 0
X73: 72 | Y73: 0
X74: 73 | Y74: 0
X75: 74 | Y75: 0
X76: 75 | Y76: 0
X77: 76 | Y77: 0
X78: 77 | Y78: 0
X79: 78 | Y79: 0
X80: 79 | Y80: 0
X81: 80 | Y81: 0
X82: 81 | Y82: 0
X83: 82 | Y83: 0
X84: 83 | Y84: 0
... X101: 100 | Y101: 0

Sheet Clases
A1: Class | C1: Subclass | D1: Proficiencies | F1: Hit Dice | G1: Saving Throws | I1: Vida | J1: Saving Throws | K1: Weapon Proficiencies | L1: Armor Proficiency | M1: Starting Equipment | N1: Funciones | O1: 1 | P1: 2 | Q1: 3 | R1: 4 | S1: 5 | T1: 6 | U1: 7 | V1: 8 | W1: 9 | X1: 10 | Y1: 11 | Z1: 12 | AA1: 13 | AB1: 14 | AC1: 15 | AD1: 16 | AE1: 17 | AF1: 18 | AG1: 19 | AH1: 20 | AI1: Caster; | AK1: spell modifier
A2: PALADIN | D2: 2 | E2: ='Habilidades de Rol'!D29 -> Atletismo, Perspicacia, Intimidacion, Medicina, Persuasion, Religion, | F2: 10 | G2: SAB | H2: CAR | J2: SAB + CAR | K2: simple, martial | L2: Todo tipo de Armadura y escudos | M2: Any Martial Weapon and Shield; Any Two Martial Weapons, Javelin; (x5); Any Simple Melee Weapon, Priest's Pack; Explorer's Pack, Chain mail, holy symbol | O2: Divine Sense,Lay on Hands | P2: Fighting Style,Divine Smite | Q2: Divine Health, Channel Divinity | R2: Ability Score Improvement | S2: Extra Attack | T2: Aura of Protection | U2: Aura of Devotion | V2: Ability Score Improvement | W2: - | X2: Aura of Courage | Y2: Improved Divine Smite | Z2: Ability Score Improvement | AA2: - | AB2: Cleansing Touch | AC2: Aura of Devotion | AD2: Ability Score Improvement | AE2: - | AF2: Aura Improvement | AG2: Ability Score Improvement | AH2: Holy Nimbus | AI2: Half | AJ2: Car | AK2: --
A3: PALADIN | B3: GUERRERO | C3: Caballero templario | D3: 3 | E3: =D2&" Escogidas anteriormente + 1 de: "&+E14 -> 2 Escogidas anteriormente + 1 de: Acrobacias, Trato con animales, Atletismo, Historia, Perspicacia, Intimidacion, Percepcion, Supervivencia, | F3: =F14&" + "&I3 -> 10 + CONS | G3: =J2 -> SAB + CAR | H3: =J14 -> FUE + CONS | I3: CONS | J3: CONS + FUE + SAB | K3: Simple, Marcial, Experto en dos Armas | L3: =L14 -> Todo tipo de Armadura y escudos | N3: Armas con filo. Pelea sin armas. Moral. | AI3: Half | AJ3: Sab | AK3: --
A4: PALADIN | B4: MAGO | C4: Guardian elemental | E4: ="2 Escogidas anteriormente + 1 de: "&+E14 -> 2 Escogidas anteriormente + 1 de: Acrobacias, Trato con animales, Atletismo, Historia, Perspicacia, Intimidacion, Percepcion, Supervivencia, | F4: 6 | G4: INT, SAB | H4: SAB, CAR | J4: INT + CAR +SAB
A5: PALADIN | B5: HECHICERO | C5: Gladiador arcano | E5: ="2 Escogidas anteriormente + 1 de: "&+E14 -> 2 Escogidas anteriormente + 1 de: Acrobacias, Trato con animales, Atletismo, Historia, Perspicacia, Intimidacion, Percepcion, Supervivencia, | F5: 6 | G5: CON, CAR | H5: SAB, CAR | J5: CAR + SAB +CON
A6: PALADIN | B6: BRUJO | C6: Apóstata | D6: 3 | E6: =D2&" Escogidas anteriormente + 1 de: "&+E50 -> 2 Escogidas anteriormente + 1 de: Arcano, Engaño, Historia, Intimidacion, Investigacion, Naturaleza, Religion, | F6: =F50&" + "&I6 -> 8 + CAR | G6: =J2 -> SAB + CAR | H6: =J50 -> SAB + CAR | I6: CAR | J6: CAR+1 + SAB+1 | K6: Simple | L6: Ligera | AI6: Full | AJ6: Car
A7: PALADIN | B7: PÍCARO | C7: Portador de secretos | E7: ="2 Escogidas anteriormente + 1 de: "&+E14 -> 2 Escogidas anteriormente + 1 de: Acrobacias, Trato con animales, Atletismo, Historia, Perspicacia, Intimidacion, Percepcion, Supervivencia, | F7: 8 | G7: DES, INT | H7: SAB, CAR
A8: PALADIN | B8: BARDO | C8: Trotamundos | E8: ="2 Escogidas anteriormente + 1 de: "&+E14 -> 2 Escogidas anteriormente + 1 de: Acrobacias, Trato con animales, Atletismo, Historia, Perspicacia, Intimidacion, Percepcion, Supervivencia, | F8: 8 | G8: DES, CAR | H8: SAB, CAR
A9: PALADIN | B9: BÁRBARO | C9: Hermano de sangre | D9: 3 | E9: =D2&" Escogidas anteriormente + 1 de: "&+E86 -> 2 Escogidas anteriormente + 1 de: Trato con animales, Atletismo, Intimidacion, Naturaleza, Percepcion, Supervivencia, | F9: =F86&" + "&I9 -> 12 + CONS | G9: =J2 -> SAB + CAR | H9: =J86 -> FUE + CONS | I9: CONS | J9: FUE + CONS + CAR | K9: =K86& ", Experto en habilidades de combate cuerpo a cuerpo" -> Simple, Martial, Experto en habilidades de combate cuerpo a cuerpo | L9: =L86 -> Armaduras ligeras y medianas, Escudos | AI9: Half | AJ9: Car
A10: PALADIN | B10: ARTIFICIERO | C10: Adorador de la polvora | E10: ="2 Escogidas anteriormente + 1 de: "&+E14 -> 2 Escogidas anteriormente + 1 de: Acrobacias, Trato con animales, Atletismo, Historia, Perspicacia, Intimidacion, Percepcion, Supervivencia, | F10: 10 | G10: CONS, INT | H10: SAB, CAR
A11: PALADIN | B11: DRUIDA | C11: Devoto del bosque | D11: 3 | E11: =D2&" Escogidas anteriormente + 1 de: "&+E110 -> 2 Escogidas anteriormente + 1 de: Trato con animales, Arcano, Perspicacia, Medicina, Naturaleza, Percepcion, Religion, Supervivencia, | F11: =F110&" + "&I11 -> 8 + SAB | G11: =J2 -> SAB + CAR | H11: =J110 -> INT + SAB | I11: SAB | J11: INT + SAB + CAR | K11: =K110 -> Club, Dagger, Dart, Javelin, mace, quarterstaff, scimitar, sickle, sling, spear | L11: =L110 -> Armaduras ligeras y medianas, Escudos (No metalicas) | AI11: Full | AJ11: INT
A12: PALADIN | B12: CAZADOR | C12: Domador Celestial | E12: ="2 Escogidas anteriormente + 1 de: "&+E14 -> 2 Escogidas anteriormente + 1 de: Acrobacias, Trato con animales, Atletismo, Historia, Perspicacia, Intimidacion, Percepcion, Supervivencia, | F12: 10 | G12: FUE, DES | H12: SAB, CAR
A13: PALADIN | B13: CHAMÁN | C13: Alto Iluminado | E13: ="2 Escogidas anteriormente + 1 de: "&+E14 -> 2 Escogidas anteriormente + 1 de: Acrobacias, Trato con animales, Atletismo, Historia, Perspicacia, Intimidacion, Percepcion, Supervivencia, | F13: 8 | G13: FUE, DES | H13: SAB, CAR
A14: GUERRERO | D14: 2 | E14: ='Habilidades de Rol'!D27 -> Acrobacias, Trato con animales, Atletismo, Historia, Perspicacia, Intimidacion, Percepcion, Supervivencia, | F14: 10 | G14: Strength | H14: Constitution | J14: FUE + CONS | K14: simple, martial | L14: Todo tipo de Armadura y escudos | M14: Chain Mail;Leather Armor;Longbow,Any Martial weapon and shield;OR;Any Two Martial Weapons,Light Crossbow;OR;Handaxe X2,Dungeoneer's Pack;OR;Explorer's Pack | O14: Fighting Style,Second Wind | P14: Action Surge (1) | Q14: Combat Superiority,Student of War | R14: Ability Score Improvement | S14: Extra Attack | T14: Ability Score Improvement | U14: Know Your Enemy | V14: Ability Score Improvement | W14: Indomitable (1) | X14: Improved Combat Superiority | Y14: Extra Attack (3) | Z14: Ability Score Improvement | AA14: Indomitable (2) | AB14: Ability Score Improvement | AC14: Relentless | AD14: Ability Score Improvement | AE14: Action Surge (2), Indomitable (3) | AF14: Improved Combat Superiority | AG14: Ability Score Improvement | AH14: Extra Attack (3) | AI14: No | AJ14: -
A15: GUERRERO | B15: MAGO | C15: Guerrero arcano
A16: GUERRERO | B16: HECHICERO | C16: Nacido del trueno | D16: 3 | E16: =D14&" Escogidas anteriormente + 1 de: "&+E38 -> 2 Escogidas anteriormente + 1 de: Arcano, Engaño, Perspicacia, Intimidacion, Persuasion, Religion, | F16: =F38&" + "&I16 -> 6 + CONS | G16: =J14 -> FUE + CONS | H16: =J38 -> CON + CAR | I16: CONS | J16: FUE + CONS + CAR | K16: =K38 -> dagger, dart, sling, quarterstaff, light crossbow | L16: =L38 -> Túnica
A17: GUERRERO | B17: BRUJO | C17: Caballero profano
A18: GUERRERO | B18: PÍCARO | C18: Hoja escurridiza
A19: GUERRERO | B19: BARDO | C19: Feriante | D19: 3 | E19: =D14&" Escogidas anteriormente + 1 de: "&+E74 -> 2 Escogidas anteriormente + 1 de: Acrobacias, Trato con animales, Arcano, Atletismo, Engaño, Historia, Perspicacia, Intimidacion, Investigacion, Medicina, Naturaleza, Percepcion, Interpretacion, Persuasion, Religion, Juego de Manos, Sigilo, Supervivencia, | F19: =F74&" + "&I19 -> 8 + CAR | G19: =J14 -> FUE + CONS | H19: =J74 -> DES + CAR | I19: CAR | J19: FUE + DES + CAR | K19: =K74 -> Simple, hand crossbow, longsword, rapier, shortsword | L19: =L74 -> Armaduras ligeras
A20: GUERRERO | B20: BÁRBARO | C20: Guerrero del puño cortante | D20: 3 | E20: =D14&" Escogidas anteriormente + 1 de: "&+E86 -> 2 Escogidas anteriormente + 1 de: Trato con animales, Atletismo, Intimidacion, Naturaleza, Percepcion, Supervivencia, | F20: =F86&" + "&I20 -> 12 + CONS | G20: =J14 -> FUE + CONS | H20: =J86 -> FUE + CONS | I20: CONS | J20: FUE +1 + CONS +1 | K20: =K86 -> Simple, Martial | L20: =L86 -> Armaduras ligeras y medianas, Escudos
A21: GUERRERO | B21: ARTIFICIERO | C21: Artillero
A22: GUERRERO | B22: DRUIDA | C22: -
A23: GUERRERO | B23: CAZADOR | C23: Mercenario
A24: GUERRERO | B24: CHAMÁN | C24: -
A25: GUERRERO | B25: PALADIN | C25: - | G25: SAB, CAR
A26: MAGO | D26: 2 | E26: ='Habilidades de Rol'!D34 -> Arcano, Historia, Perspicacia, Investigacion, Medicina, Religion, | F26: 6 | G26: Intelligence | H26: Wisdom | J26: INT + SAB | K26: dagger, dart, sling, quarterstaff, light crossbow | L26: Túnica | M26: Quarterstaff;OR;Dagger,Component pouch;OR;arcane focus,Scholar's Pack;OR;Explorer's Pack,SpellBook | O26: Spellcasting, Arcane Recovery | P26: Abjuration Savant,Arcane Ward | Q26: - | R26: Ability Score Improvement | S26: - | T26: Projected Ward | U26: - | V26: Ability Score Improvement | W26: - | X26: Improved Abjuration | Y26: - | Z26: Ability Score Improvement | AA26: - | AB26: Spell Resistance | AC26: - | AD26: Ability Score Improvement | AF26: Spell Mastery | AG26: Ability Score Improvement | AH26: Signature Spell | AI26: Full | AJ26: Int | AK26: --
A27: MAGO | B27: HECHICERO | C27: Señor de los astros | D27: 3 | E27: =D26&" Escogidas anteriormente + 1 de: "&+E38 -> 2 Escogidas anteriormente + 1 de: Arcano, Engaño, Perspicacia, Intimidacion, Persuasion, Religion, | F27: =F86&" + "&I27 -> 12 + SAB | G27: =J26 -> INT + SAB | H27: =J38 -> CON + CAR | I27: SAB | J27: INT + SAB + CAR
A28: MAGO | B28: BRUJO | C28: Llamado por la oscuridad
A29: MAGO | B29: PÍCARO | C29: Mago del paso ligero | D29: 3 | E29: =D26&" Escogidas anteriormente + 1 de: "&+E62 -> 2 Escogidas anteriormente + 1 de: Acrobacias, Atletismo, Engaño, Perspicacia, Intimidacion, Investigacion, Percepcion, Interpretacion, Persuasion, Juego de Manos, Sigilo, | F29: =F62&" + "&I29 -> 8 + INT | G29: =J26 -> INT + SAB | H29: =J62 -> DES + INT | I29: INT | J29: INT + DES + SAB
A30: MAGO | B30: BARDO | C30: -
A31: MAGO | B31: BÁRBARO | C31: Destructor rúnico
A32: MAGO | B32: ARTIFICIERO | C32: Tirador arcano
A33: MAGO | B33: DRUIDA | C33: Mago lunar
A34: MAGO | B34: CAZADOR | C34: Invocador de bestias
A35: MAGO | B35: CHAMÁN | C35: Domador de elementos | D35: 3 | E35: =D26&" Escogidas anteriormente + 1 de: "&+E134 -> 2 Escogidas anteriormente + 1 de: Acrobacias, Atletismo, Historia, Perspicacia, Religion, Sigilo, | F35: =F134&" + "&I35 -> 8 + SAB | G35: =J26 -> INT + SAB | H35: =J134 -> DES + SAB | I35: SAB | J35: INT + SAB + DES
A36: MAGO | B36: PALADIN | C36: - | G36: SAB, CAR
A37: MAGO | B37: GUERRERO | C37: -
A38: HECHICERO | D38: 2 | E38: ='Habilidades de Rol'!D32 -> Arcano, Engaño, Perspicacia, Intimidacion, Persuasion, Religion, | F38: 6 | G38: Constitution | H38: Charisma | J38: CON + CAR | K38: dagger, dart, sling, quarterstaff, light crossbow | L38: Túnica | M38: Light Crossbow;Any Simple Weapon, ; ;Dagger X2,Component pouch;Arcane Focus,Dungeoneer's pack;Explorer's Pack | O38: Dragon Ancestery | P38: Font of Magic | Q38: Metamagic | R38: Ability Score Improvement | S38: - | T38: Elemental Affinity | U38: - | V38: Ability Score Improvement | W38: - | X38: Metamagic | Y38: - | Z38: Ability Score Improvement | AA38: - | AB38: Dragon Wings | AC38: - | AD38: Ability Score Improvement | AE38: Metamagic | AF38: Draconic Presence | AG38: Ability Score Improvement | AH38: Sorcerous Restoration | AI38: Full | AJ38: Car | AK38: --
A39: HECHICERO | B39: BRUJO | C39: -
A40: HECHICERO | B40: PÍCARO | C40: -
A41: HECHICERO | B41: BARDO | C41: -
A42: HECHICERO | B42: BÁRBARO | C42: -
A43: HECHICERO | B43: ARTIFICIERO | C43: Inventor (orkoz) | D43: 3 | E43: =D38&" Escogidas anteriormente + 1 de: "&E98 -> 2 Escogidas anteriormente + 1 de: Arcano, Atletismo, Historia, Perspicacia, Investigacion, Medicina, Naturaleza, Percepcion, Juego de Manos, | F43: =F98&" + "&I43 -> 8 + CAR | G43: =J38 -> CON + CAR | H43: =J98 -> INT + DES | I43: CAR | J43: CAR + INT + DES
A44: HECHICERO | B44: DRUIDA | C44: -
A45: HECHICERO | B45: CAZADOR | C45: -
A46: HECHICERO | B46: CHAMÁN | C46: ?
A47: HECHICERO | B47: PALADIN | C47: - | G47: SAB, CAR
A48: HECHICERO | B48: GUERRERO | C48: Señor de las armas | D48: 3 | E48: =D38&" Escogidas anteriormente + 1 de: "&E14 -> 2 Escogidas anteriormente + 1 de: Acrobacias, Trato con animales, Atletismo, Historia, Perspicacia, Intimidacion, Percepcion, Supervivencia, | F48: =F14&" + "&I48 -> 10 + CONS | G48: =J38 -> CON + CAR | H48: =J14 -> FUE + CONS | I48: CONS | J48: CAR + FUE + CONS
A49: HECHICERO | B49: MAGO | C49: -
A50: BRUJO | D50: 2 | E50: ='Habilidades de Rol'!D33 -> Arcano, Engaño, Historia, Intimidacion, Investigacion, Naturaleza, Religion, | F50: 8 | G50: Wisdom | H50: Charisma | J50: SAB + CAR | K50: simple | L50: Armaduras ligeras | M50: Light Crossbow;OR;Any Simple Weapon, ; ;Dagger X2,Any Simple Weapon,Component Pouch;OR;arcane Focus,Scholar's pack;OR;Dungeoneer's Pack,Leather Armor | O50: Dark One's Blessings,Pact Magic | P50: Eldritch Invocations | Q50: Pact Boon | R50: Ability Score Improvement | S50: - | T50: Dark One's Own Luck | U50: - | V50: Ability Score Improvement | W50: - | X50: Fiendish Resilience | Y50: Mystic Arcanum (6th) | Z50: Ability Score Improvement | AA50: Mystic Arcanum (7th) | AB50: Hurl Through Hell | AC50: Mystic Arcanum (8th) | AD50: Ability Score Improvement | AE50: Mystic Arcanum (9th) | AF50: - | AG50: Ability Score Improvement | AH50: Eldritch Master | AI50: Full | AJ50: Car | AK50: --
A51: BRUJO | B51: PÍCARO | C51: Brujo de la hoja sombría
A52: BRUJO | B52: BARDO | C52: Embaucador
A53: BRUJO | B53: BÁRBARO | C53: Titiritero maldito | D53: 3 | E53: =D50&" Escogidas anteriormente + 1 de: "&E86 -> 2 Escogidas anteriormente + 1 de: Trato con animales, Atletismo, Intimidacion, Naturaleza, Percepcion, Supervivencia, | F53: =F86&" + "&I53 -> 12 + CONS | G53: =J50 -> SAB + CAR | H53: =J86 -> FUE + CONS | I53: CONS | J53: FUE + CAR + CONS
A54: BRUJO | B54: ARTIFICIERO | C54: -
A55: BRUJO | B55: DRUIDA | C55: -
A56: BRUJO | B56: CAZADOR | C56: Portador de plagas | D56: 3 | E56: =D50&" Escogidas anteriormente + 1 de: "&E122 -> 2 Escogidas anteriormente + 1 de: Trato con animales, Atletismo, Perspicacia, Investigacion, Naturaleza, Percepcion, Sigilo, Supervivencia, | F56: =F122&" + "&I56 -> 10 + CAR | G56: =J50 -> SAB + CAR | H56: =J122 -> DES + FUE | I56: CAR | J56: CAR + SAB + DES
A57: BRUJO | B57: CHAMÁN | C57: -
A58: BRUJO | B58: PALADIN | C58: Redimido | D58: 3 | E58: =D50&" Escogidas anteriormente + 1 de: "&E2 -> 2 Escogidas anteriormente + 1 de: Atletismo, Perspicacia, Intimidacion, Medicina, Persuasion, Religion, | F58: =F2&" + "&I58 -> 10 + CAR | G58: =J50 -> SAB + CAR | H58: =J2 -> SAB + CAR | I58: CAR | J58: SAB +1 + CAR +1
A59: BRUJO | B59: GUERRERO | C59: -
A60: BRUJO | B60: MAGO | C60: -
A61: BRUJO | B61: HECHICERO | C61: -
A62: PÍCARO | D62: 4 | E62: ='Habilidades de Rol'!D31 -> Acrobacias, Atletismo, Engaño, Perspicacia, Intimidacion, Investigacion, Percepcion, Interpretacion, Persuasion, Juego de Manos, Sigilo, | F62: 8 | G62: Dexterity | H62: Intelligence | J62: DES + INT | K62: simple, hand crossbow, longsword, rapier, shortsword | L62: Armaduras ligeras | M62: Rapier;Shortsword,Shortbow;Shortsword,Burglar's pack;Dungeoneer's pack;Explorer's Pack,Leather Armor,Two Daggers,Theive's Tools | O62: Expertise, Sneak attack, Thieves | P62: Cunning Action | Q62: Infiltration Expertise | R62: Ability Score Improvement | S62: Uncanny Dodge | T62: Expertise | U62: Evasion | V62: Ability Score Improvement | W62: Infiltration Expertise | X62: Ability Score Improvement | Y62: Reliable Talent | Z62: Ability Score Improvement | AA62: Imposter | AB62: blindsense | AC62: Slippery Mind | AD62: Ability Score Improvement | AE62: Death Strike | AF62: Elusive | AG62: Ability Score Improvement | AH62: Stroke of Luck | AI62: No
A63: PÍCARO | B63: BARDO | C63: Ilusionista
A64: PÍCARO | B64: BÁRBARO | C64: -
A65: PÍCARO | B65: ARTIFICIERO | C65: Francotirador | D65: 5 | E65: =D62&" Escogidas anteriormente + 1 de: "&E98 -> 4 Escogidas anteriormente + 1 de: Arcano, Atletismo, Historia, Perspicacia, Investigacion, Medicina, Naturaleza, Percepcion, Juego de Manos, | F65: =F98&" + "&I65 -> 8 + INT | G65: =J62 -> DES + INT | H65: =J98 -> INT + DES | I65: INT | J65: DES +1 + INT +1
A66: PÍCARO | B66: DRUIDA | C66: Hoja venenosa | D66: 5 | E66: =D62&" Escogidas anteriormente + 1 de: "&E110 -> 4 Escogidas anteriormente + 1 de: Trato con animales, Arcano, Perspicacia, Medicina, Naturaleza, Percepcion, Religion, Supervivencia, | F66: =F110&" + "&I66 -> 8 + INT | G66: =J62 -> DES + INT | H66: =J110 -> INT + SAB | I66: INT | J66: DES + INT + SAB
A67: PÍCARO | B67: CAZADOR | C67: -
A68: PÍCARO | B68: CHAMÁN | C68: Duelista elemental
A69: PÍCARO | B69: PALADIN | C69: - | G69: SAB, CAR
A70: PÍCARO | B70: GUERRERO | C70: -
A71: PÍCARO | B71: MAGO | C71: -
A72: PÍCARO | B72: HECHICERO | C72: -
A73: PÍCARO | B73: BRUJO | C73: Saltador de planos | D73: 5 | E73: =D62&" Escogidas anteriormente + 1 de: "&E50 -> 4 Escogidas anteriormente + 1 de: Arcano, Engaño, Historia, Intimidacion, Investigacion, Naturaleza, Religion, | F73: =F50&" + "&I73 -> 8 + CAR | G73: =J62 -> DES + INT | H73: =J50 -> SAB + CAR | I73: CAR | J73: CAR + SAB + DES
A74: BARDO | D74: 3 | E74: ='Habilidades de Rol'!D24 -> Acrobacias, Trato con animales, Arcano, Atletismo, Engaño, Historia, Perspicacia, Intimidacion, Investigacion, Medicina, Naturaleza, Percepcion, Interpretacion, Persuasion, Religion, Juego de Manos, Sigilo, Supervivencia, | F74: 8 | G74: Dexterity | H74: Charisma | J74: DES + CAR | K74: Simple, hand crossbow, longsword, rapier, shortsword | L74: Armaduras ligeras | M74: Rapier;Longsword;OR Any Simple Weapon,Diplomat's pack;OR;Entertainer's pack,Musical Instrument,Leather Armor,Dagger | O74: Bardic Inspiration(d6) | P74: Jack of All Trades, Song of Rest | Q74: Cutting Words, Expertise | R74: Ability Score Improvement | S74: Bardic Inspiration (d8),Font of Inspiration | T74: Countercharm | U74: - | V74: Ability Score Improvement | W74: Song of Rest (d8) | X74: Bardic Inspiration (d10),Expertise,Magical Secrets | Y74: - | Z74: Ability Score Improvement | AA74: Song of Rest (d10) | AB74: Magical Secrets,Peerless Skill | AC74: Bardic Inspiration (d12) | AD74: Ability Score Improvement | AE74: Song of Rest (d12) | AF74: Magical Secrets | AG74: Ability Score Improvement | AH74: Superior Inspiration | AI74: Full | AJ74: Car | AK74: --
A75: BARDO | B75: BÁRBARO | C75: -
A76: BARDO | B76: ARTIFICIERO | C76: -
A77: BARDO | B77: DRUIDA | C77: Bardo de la corteza mohosa
A78: BARDO | B78: CAZADOR | C78: -
A79: BARDO | B79: CHAMÁN | C79: Bardo de las cuatro estaciones | D79: 4 | E79: =D74&" Escogidas anteriormente + 1 de: "&E134 -> 3 Escogidas anteriormente + 1 de: Acrobacias, Atletismo, Historia, Perspicacia, Religion, Sigilo, | F79: =F134&" + "&I79 -> 8 + DES | G79: =J74 -> DES + CAR | H79: =J134 -> DES + SAB | I79: DES | J79: DES + CAR +SAB
A80: BARDO | B80: PALADIN | C80: Bardo de la voz divina | D80: 4 | E80: =D74&" Escogidas anteriormente + 1 de: "&E2 -> 3 Escogidas anteriormente + 1 de: Atletismo, Perspicacia, Intimidacion, Medicina, Persuasion, Religion, | F80: =F2&" + "&I80 -> 10 + CAR | G80: =J74 -> DES + CAR | H80: =J2 -> SAB + CAR | I80: CAR | J80: DES + CAR +SAB
A81: BARDO | B81: GUERRERO | C81: -
A82: BARDO | B82: MAGO | C82: -
A83: BARDO | B83: HECHICERO | C83: Bardo de la devastación
A84: BARDO | B84: BRUJO | C84: Bardo de la cuerda rota | D84: 4 | E84: =D74&" Escogidas anteriormente + 1 de: "&E50 -> 3 Escogidas anteriormente + 1 de: Arcano, Engaño, Historia, Intimidacion, Investigacion, Naturaleza, Religion, | F84: =F50&" + "&I84 -> 8 + CAR | G84: =J74 -> DES + CAR | H84: =J50 -> SAB + CAR | I84: CAR | J84: DES + CAR + SAB
A85: BARDO | B85: PÍCARO | C85: Bardo de la danza mortal
A86: BÁRBARO | D86: 2 | E86: ='Habilidades de Rol'!D23 -> Trato con animales, Atletismo, Intimidacion, Naturaleza, Percepcion, Supervivencia, | F86: 12 | G86: Strength | H86: Constitution | J86: FUE + CONS | K86: Simple, Martial | L86: Armaduras ligeras y medianas, Escudos | M86: Greataxe;OR;Any martial melee weapon,Any Simple Weapon;OR;Handaxe X2,Explorer's pack,Javelin;(X4) | O86: Rage,Unarmored Defense | P86: Reckless Attack,Danger Sense | Q86: Frenzy | R86: Ability Score Improvement | S86: Extra Attack,Fast Movement | T86: Mindless Rage | U86: Feral Instinct | V86: Ability Score Improvement | W86: Brutal Critical | X86: Intimidating Presence | Y86: Relentless Rage | Z86: Ability Score Improvement | AA86: Brutal Critical | AB86: Retaliation | AC86: Persistent Rage | AD86: Ability Score Improvement | AE86: Brutal Critical | AF86: Indomitable Might | AG86: Ability Score Improvement | AH86: Primal Champion | AI86: No
A87: BÁRBARO | B87: ARTIFICIERO | C87: -
A88: BÁRBARO | B88: DRUIDA | C88: Furia salvaje | D88: 3 | E88: =D86&" Escogidas anteriormente + 1 de: "&E110 -> 2 Escogidas anteriormente + 1 de: Trato con animales, Arcano, Perspicacia, Medicina, Naturaleza, Percepcion, Religion, Supervivencia, | F88: =F110&" + "&I88 -> 8 + FUE | G88: =J86 -> FUE + CONS | H88: =J110 -> INT + SAB | I88: FUE | J88: FUE + CONS + SAB
A89: BÁRBARO | B89: CAZADOR | C89: -
A90: BÁRBARO | B90: CHAMÁN | C90: Furia elemental
A91: BÁRBARO | B91: PALADIN | C91: Furia de los creadores | D91: 3 | E91: =D86&" Escogidas anteriormente + 1 de: "&E2 -> 2 Escogidas anteriormente + 1 de: Atletismo, Perspicacia, Intimidacion, Medicina, Persuasion, Religion, | F91: =F2&" + "&I91 -> 10 + CONS | G91: =J86 -> FUE + CONS | H91: =J2 -> SAB + CAR | I91: CONS | J91: FUE + CONS + CAR
A92: BÁRBARO | B92: GUERRERO | C92: Berserker
A93: BÁRBARO | B93: MAGO | C93: -
A94: BÁRBARO | B94: HECHICERO | C94: Furia devastadora
A95: BÁRBARO | B95: BRUJO | C95: Renacido | D95: 3 | E95: =D86&" Escogidas anteriormente + 1 de: "&E50 -> 2 Escogidas anteriormente + 1 de: Arcano, Engaño, Historia, Intimidacion, Investigacion, Naturaleza, Religion, | F95: =F50&" + "&I95 -> 8 + CAR | G95: =J86 -> FUE + CONS | H95: =J50 -> SAB + CAR | I95: CAR | J95: FUE + SAB + CAR
A96: BÁRBARO | B96: PÍCARO | C96: -
A97: BÁRBARO | B97: BARDO | C97: -
A98: ARTIFICIERO | D98: 4 | E98: ='Habilidades de Rol'!D25 -> Arcano, Atletismo, Historia, Perspicacia, Investigacion, Medicina, Naturaleza, Percepcion, Juego de Manos, | F98: 8 | G98: INT | H98: DES | J98: INT + DES | K98: Armas de fuego, Simple, Martial | L98: Armaduras ligeras y medianas, Escudos
A99: ARTIFICIERO | B99: DRUIDA | C99: -
A100: ARTIFICIERO | B100: CAZADOR | C100: Artificiero táctico | D100: 5 | E100: =D98&" Escogidas anteriormente + 1 de: "&E122 -> 4 Escogidas anteriormente + 1 de: Trato con animales, Atletismo, Perspicacia, Investigacion, Naturaleza, Percepcion, Sigilo, Supervivencia, | F100: =F122&" + "&I100 -> 10 + DES | G100: =J98 -> INT + DES | H100: =J122 -> DES + FUE | I100: DES | J100: INT + DES + FUE
...

Sheet Sheet1
C1: Templario
A2: Nivel | B2: Proficiency Bonus | C2: Características | D2: 1st Level Slots | E2: 2nd Level Slots | F2: 3rd Level Slots | G2: 4th Level Slots | H2: 5th Level Slots
A3: 1 | B3: =+2 -> 2 | C3: Oraciones Menores, Sentido Divino, Manos Sanadoras | D3: 2 | E3: – | F3: – | G3: – | H3: –
A4: 2 | B4: =+2 -> 2 | C4: Estilo de Combate, Golpe Divino Menor | D4: 2 | E4: – | F4: – | G4: – | H4: –
A5: 3 | B5: =+2 -> 2 | C5: Magia de Fe (Nivel 1), Canalizar Divinidad | D5: 3 | E5: – | F5: – | G5: – | H5: –
A6: 4 | B6: =+2 -> 2 | C6: Mejora de Características | D6: 3 | E6: – | F6: – | G6: – | H6: –
A7: 5 | B7: =+3 -> 3 | C7: Ataque Extra (1) | D7: 4 | E7: 2 | F7: – | G7: – | H7: –
A8: 6 | B8: =+3 -> 3 | C8: Aura de Protección | D8: 4 | E8: 2 | F8: – | G8: – | H8: –
A9: 7 | B9: =+3 -> 3 | C9: Escudo de Fe Mayor | D9: 4 | E9: 3 | F9: – | G9: – | H9: –
A10: 8 | B10: =+3 -> 3 | C10: Mejora de Características | D10: 4 | E10: 3 | F10: – | G10: – | H10: –
A11: 9 | B11: =+4 -> 4 | C11: Aura de Fe | D11: 4 | E11: 3 | F11: 2 | G11: – | H11: –
A12: 10 | B12: =+4 -> 4 | C12: Invocación de Camarada de Luz | D12: 4 | E12: 3 | F12: 2 | G12: – | H12: –
A13: 11 | B13: =+4 -> 4 | C13: Luz Sagrada Mejorada | D13: 4 | E13: 3 | F13: 3 | G13: – | H13: –
A14: 12 | B14: =+4 -> 4 | C14: Aura de Coraje | D14: 4 | E14: 3 | F14: 3 | G14: – | H14: –
A15: 13 | B15: =+5 -> 5 | C15: Escudo de Fe Celestial | D15: 4 | E15: 3 | F15: 3 | G15: 1 | H15: –
A16: 14 | B16: =+5 -> 5 | C16: Mejora de Características | D16: 4 | E16: 3 | F16: 3 | G16: 1 | H16: –
A17: 15 | B17: =+5 -> 5 | C17: Rayo de Justicia | D17: 4 | E17: 3 | F17: 3 | G17: 2 | H17: –
A18: 16 | B18: =+5 -> 5 | C18: Aura de Protección Mayor | D18: 4 | E18: 3 | F18: 3 | G18: 2 | H18: –
A19: 17 | B19: =+6 -> 6 | C19: Mejora de Características | D19: 4 | E19: 3 | F19: 3 | G19: 3 | H19: 1
A20: 18 | B20: =+6 -> 6 | C20: Potenciación Suprema | D20: 4 | E20: 3 | F20: 3 | G20: 3 | H20: 1
A21: 19 | B21: =+6 -> 6 | C21: Aura de Fe Mejorada | D21: 4 | E21: 3 | F21: 3 | G21: 3 | H21: 2
A22: 20 | B22: =+6 -> 6 | C22: Forma Divina | D22: 4 | E22: 3 | F22: 3 | G22: 3 | H22: 2
C24: Apostat
A25: Nivel | B25: Proficiency Bonus | C25: Características | D25: 1st Level Slots | E25: 2nd Level Slots | F25: 3rd Level Slots | G25: 4th Level Slots | H25: 5th Level Slots
A26: 1 | B26: =+2 -> 2 | C26: Marca de la Oscuridad, Sacrificio de Vida | D26: 2 | E26: - | F26: - | G26: - | H26: -
A27: 2 | B27: =+2 -> 2 | C27: Maldición Menor, Escudo de Sombras | D27: 2 | E27: - | F27: - | G27: - | H27: -
A28: 3 | B28: =+2 -> 2 | C28: Invocación de Sombras, Sacrificio de Vida (Mejorado) | D28: 3 | E28: - | F28: - | G28: - | H28: -
A29: 4 | B29: =+2 -> 2 | C29: Mejora de Características | D29: 3 | E29: - | F29: - | G29: - | H29: -
A30: 5 | B30: =+3 -> 3 | C30: Maldición de la Muerte | D30: 4 | E30: 2 | F30: - | G30: - | H30: -
A31: 6 | B31: =+3 -> 3 | C31: Escudo de Sombras Mejorado | D31: 4 | E31: 2 | F31: - | G31: - | H31: -
A32: 7 | B32: =+3 -> 3 | C32: Maldición de Dolor | D32: 4 | E32: 3 | F32: - | G32: - | H32: -
A33: 8 | B33: =+3 -> 3 | C33: Mejora de Características | D33: 4 | E33: 3 | F33: - | G33: - | H33: -
A34: 9 | B34: =+4 -> 4 | C34: Maldición de la Desesperación | D34: 4 | E34: 3 | F34: 2 | G34: - | H34: -
A35: 10 | B35: =+4 -> 4 | C35: Bendición Profana Mejorada | D35: 4 | E35: 3 | F35: 2 | G35: - | H35: -
A36: 11 | B36: =+4 -> 4 | C36: Escudo Oscuro Definitivo | D36: 4 | E36: 3 | F36: 3 | G36: - | H36: -
A37: 12 | B37: =+4 -> 4 | C37: Mejora de Características | D37: 4 | E37: 3 | F37: 3 | G37: - | H37: -
A38: 13 | B38: =+5 -> 5 | C38: Rayo de Oscuridad | D38: 4 | E38: 3 | F38: 3 | G38: 1 | H38: -
A39: 14 | B39: =+5 -> 5 | C39: Maestro de Maldiciones | D39: 4 | E39: 3 | F39: 3 | G39: 1 | H39: -
A40: 15 | B40: =+5 -> 5 | C40: Maldición de Agonía | D40: 4 | E40: 3 | F40: 3 | G40: 2 | H40: -
A41: 16 | B41: =+5 -> 5 | C41: Mejora de Características | D41: 4 | E41: 3 | F41: 3 | G41: 2 | H41: -
A42: 17 | B42: =+6 -> 6 | C42: Potenciación Profana | D42: 4 | E42: 3 | F42: 3 | G42: 3 | H42: 1
A43: 18 | B43: =+6 -> 6 | C43: Aura de Maldiciones | D43: 4 | E43: 3 | F43: 3 | G43: 3 | H43: 1
A44: 19 | B44: =+6 -> 6 | C44: Mejora de Características | D44: 4 | E44: 3 | F44: 3 | G44: 3 | H44: 2
A45: 20 | B45: =+6 -> 6 | C45: Forma de la Sombra | D45: 4 | E45: 3 | F45: 3 | G45: 3 | H45: 2
C48: Hermano de Sangre
A49: Nivel | B49: Proficiency Bonus | C49: Características | D49: Furia | E49: - | F49: - | G49: - | H49: -
A50: 1 | B50: =+2 -> 2 | C50: Furia Sagrada | D50: 2 | E50: - | F50: - | G50: - | H50: -
A51: 2 | B51: =+2 -> 2 | C51: Golpe Sagrado | D51: 2 | E51: - | F51: - | G51: - | H51: -
A52: 3 | B52: =+2 -> 2 | C52: Juramento de Sangre | D52: 3 | E52: - | F52: - | G52: - | H52: -
A53: 4 | B53: =+2 -> 2 | C53: Mejora de Características | D53: 3 | E53: - | F53: - | G53: - | H53: -
A54: 5 | B54: =+3 -> 3 | C54: Ataque Extra | D54: 3 | E54: - | F54: - | G54: - | H54: -
A55: 6 | B55: =+3 -> 3 | C55: Aura de Furia | D55: 4 | E55: - | F55: - | G55: - | H55: -
A56: 7 | B56: =+3 -> 3 | C56: Golpe de Furia Mejorado | D56: 4 | E56: - | F56: - | G56: - | H56: -
A57: 8 | B57: =+3 -> 3 | C57: Mejora de Características | D57: 4 | E57: - | F57: - | G57: - | H57: -
A58: 9 | B58: =+4 -> 4 | C58: Furia Inquebrantable | D58: 5 | E58: - | F58: - | G58: - | H58: -
A59: 10 | B59: =+4 -> 4 | C59: Escudo de Sangre | D59: 5 | E59: - | F59: - | G59: - | H59: -
A60: 11 | B60: =+4 -> 4 | C60: Ataque de Furia Definitivo | D60: 5 | E60: - | F60: - | G60: - | H60: -
A61: 12 | B61: =+4 -> 4 | C61: Mejora de Características | D61: 6 | E61: - | F61: - | G61: - | H61: -
A62: 13 | B62: =+5 -> 5 | C62: Castigo Radiante | D62: 6 | E62: - | F62: - | G62: - | H62: -
A63: 14 | B63: =+5 -> 5 | C63: Mejora de Características | D63: 6 | E63: - | F63: - | G63: - | H63: -
A64: 15 | B64: =+5 -> 5 | C64: Aura de Protección de Sangre | D64: 7 | E64: - | F64: - | G64: - | H64: -
A65: 18 | B65: =+6 -> 6 | C65: Maestro de la Furia | D65: 7 | E65: - | F65: - | G65: - | H65: -
A66: 20 | B66: =+6 -> 6 | C66: Avatar de la Furia Sagrada | D66: 7 | E66: - | F66: - | G66: - | H66: -
C68: Devoto del Bosque
A69: Nivel | B69: Proficiency Bonus | C69: Características | D69: 1st Level Slots | E69: 2nd Level Slots | F69: 3rd Level Slots | G69: 4th Level Slots | H69: 5th Level Slots
A70: 1 | B70: =+2 -> 2 | C70: Magia de la Naturaleza | D70: 2 | E70: - | F70: - | G70: - | H70: -
A71: 2 | B71: =+2 -> 2 | C71: Canalización Divina: Protección de Gaia | D71: 2 | E71: - | F71: - | G71: - | H71: -
A72: 3 | B72: =+2 -> 2 | C72: Juramento del Bosque | D72: 3 | E72: - | F72: - | G72: - | H72: -
A73: 4 | B73: =+2 -> 2 | C73: Mejora de Características | D73: 3 | E73: - | F73: - | G73: - | H73: -
A74: 5 | B74: =+3 -> 3 | C74: Hechizos de Área | D74: 4 | E74: 2 | F74: - | G74: - | H74: -
A75: 6 | B75: =+3 -> 3 | C75: Aura de Protección Natural | D75: 4 | E75: 2 | F75: - | G75: - | H75: -
A76: 7 | B76: =+3 -> 3 | C76: Invocación del Guardián del Bosque | D76: 4 | E76: 3 | F76: - | G76: - | H76: -
A77: 8 | B77: =+3 -> 3 | C77: Mejora de Características | D77: 4 | E77: 3 | F77: - | G77: - | H77: -
A78: 9 | B78: =+4 -> 4 | C78: Raíces del Bosque Ancestral | D78: 4 | E78: 3 | F78: 2 | G78: - | H78: -
A79: 10 | B79: =+4 -> 4 | C79: Llamas Sagradas de Gaia | D79: 4 | E79: 3 | F79: 2 | G79: - | H79: -
A80: 11 | B80: =+4 -> 4 | C80: Invocación de la Bestia del Bosque | D80: 4 | E80: 3 | F80: 3 | G80: - | H80: -
A81: 12 | B81: =+4 -> 4 | C81: Mejora de Características | D81: 4 | E81: 3 | F81: 3 | G81: - | H81: -
A82: 13 | B82: =+5 -> 5 | C82: Vínculo con la Tierra | D82: 4 | E82: 3 | F82: 3 | G82: 1 | H82: -
A83: 14 | B83: =+5 -> 5 | C83: Aura de Protección de Gaia | D83: 4 | E83: 3 | F83: 3 | G83: 1 | H83: -
A84: 15 | B84: =+5 -> 5 | C84: Mejora de Características | D84: 4 | E84: 3 | F84: 3 | G84: 2 | H84: -
A85: 16 | B85: =+5 -> 5 | C85: Mejora de Características | D85: 4 | E85: 3 | F85: 3 | G85: 2 | H85: -
A86: 17 | B86: =+6 -> 6 | C86: Maestro de los Elementos | D86: 4 | E86: 3 | F86: 3 | G86: 3 | H86: 1
A87: 18 | B87: =+6 -> 6 | C87: Aura de Protección Mejorada | D87: 4 | E87: 3 | F87: 3 | G87: 3 | H87: 1
A88: 19 | B88: =+6 -> 6 | C88: Mejora de Características | D88: 4 | E88: 3 | F88: 3 | G88: 3 | H88: 2
A89: 20 | B89: =+6 -> 6 | C89: Avatar de Gaia | D89: 4 | E89: 3 | F89: 3 | G89: 3 | H89: 2
C91: CambiaFormas
A92: Nivel | B92: Bono de Competencia | C92: Características | D92: Hechizos de Nivel 1 | E92: Hechizos de Nivel 2 | F92: Hechizos de Nivel 3 | G92: Hechizos de Nivel 4 | H92: Hechizos de Nivel 5
A93: 1 | B93: =+2 -> 2 | C93: Mutación Menor | D93: 2 | E93: - | F93: - | G93: - | H93: -
A94: 2 | B94: =+2 -> 2 | C94: Trampas Naturales | D94: 2 | E94: - | F94: - | G94: - | H94: -
A95: 3 | B95: =+2 -> 2 | C95: Forma de la Bestia | D95: 3 | E95: - | F95: - | G95: - | H95: -
A96: 4 | B96: =+2 -> 2 | C96: Mejora de Características | D96: 3 | E96: - | F96: - | G96: - | H96: -
A97: 5 | B97: =+3 -> 3 | C97: Emboscada | D97: 4 | E97: 2 | F97: - | G97: - | H97: -
A98: 6 | B98: =+3 -> 3 | C98: Furia de la Bestia | D98: 4 | E98: 2 | F98: - | G98: - | H98: -
A99: 7 | B99: =+3 -> 3 | C99: Forma Salvaje Mejorada | D99: 4 | E99: 3 | F99: - | G99: - | H99: -
A100: 8 | B100: =+3 -> 3 | C100: Mejora de Características | D100: 4 | E100: 3 | F100: - | G100: - | H100: -
A101: 9 | B101: =+4 -> 4 | C101: Invocación de Criaturas Salvajes | D101: 4 | E101: 3 | F101: 2 | G101: - | H101: -
A102: 10 | B102: =+4 -> 4 | C102: Camuflaje Natural | D102: 4 | E102: 3 | F102: 2 | G102: - | H102: -
A103: 11 | B103: =+4 -> 4 | C103: Mutación Avanzada | D103: 4 | E103: 3 | F103: 3 | G103: - | H103: -
A104: 12 | B104: =+4 -> 4 | C104: Mejora de Características | D104: 4 | E104: 3 | F104: 3 | G104: - | H104: -
A105: 13 | B105: =+5 -> 5 | C105: Trampa de Energía Salvaje | D105: 4 | E105: 3 | F105: 3 | G105: 1 | H105: -
...

Sheet Razas
A1: Race | B1: Subrace | C1: Region | D1: AL legal? | E1: Dark Vision | F1: Incidence | G1: Size | H1: Speed | I1: Nadar | J1: Volar | K1: Language | L1: Str | M1: Dex | N1: Con | O1: Int | P1: Wis | Q1: Cha | R1: Profecys | S1: Extra | T1: Source
A2: Hombres Lagarto
A3: Hombres Lagarto | B3: (none) | D3: AL | E3: 60 | F3: Very Rare | G3: M | H3: 30 | I3: 30 | K3: Common, Draconic | L3: - | M3: - | N3: 2 | O3: - | P3: 1 | Q3: - | R3: ="2 skills: "&'Habilidades de Rol'!D60 -> 2 skills: Trato con animales, Naturaleza, Percepcion, Sigilo, Supervivencia, | S3: Hold breath 15min; Bite; Hungry Jaws; Natural Armor; Cunning Artisan | T3: Volo's 111
A4: Hombres Lagarto | B4: (none) | D4: AL | E4: 60 | F4: Monster | G4: S | H4: 30 | K4: Common, Draconic | L4: - | M4: 2 | N4: - | O4: 1 | P4: - | Q4: - | R4: ="1 skills: "&'Habilidades de Rol'!D61 -> 1 skills: Trato con animales, Naturaleza, Percepcion, Sigilo, Supervivencia, | S4: Sunlight Sensitivity; Grovel, Cower, Beg; Pack Tactics | T4: Volo's 119
A5: Hombres Pájaro
A6: Hombres Pájaro | B6: (none) | E6: 0 | F6: Very Rare | G6: M | H6: 25 | J6: 50 | K6: Common, Aarakocra, Auran | L6: - | M6: 2 | N6: - | O6: - | P6: 1 | Q6: - | R6: ="1 skills: "&'Habilidades de Rol'!D63 -> 1 skills: | S6: Talons (1d4) | T6: EE 4
A7: Hombres Pájaro | B7: Protector | D7: AL | E7: 20 | H7: 25 | L7: - | M7: - | N7: - | O7: - | P7: 1 | Q7: 2 | R7: ="1 skills: "&'Habilidades de Rol'!D64 -> 1 skills: | S7: Radiant Soul (mobility; damage buff) | T7: Volo's 105
A8: Hombres Gato
A9: Hombres Gato | B9: (none) | D9: AL | E9: 60 | F9: Rare | G9: M | H9: 30 | K9: Common, +1 | L9: - | M9: 2 | N9: - | O9: - | P9: - | Q9: 1 | R9: ="2 skills: "&'Habilidades de Rol'!D66 -> 2 skills: Percepcion, Sigilo, | S9: 20' climb; Feline Agility (temp. speed*2); Cat's Claws | T9: Volo's 113
A10: Hombres Gato | B10: Leonin | E10: 60 | F10: Rare | G10: M | H10: 35 | K10: Common, Leonin | L10: 1 | M10: - | N10: 2 | O10: - | P10: - | Q10: - | R10: ="1 skills: "&'Habilidades de Rol'!D67 -> 1 skills: | S10: Claws; Hunter's Instinct; Daunting Roar | T10: MOT
A11: Minotauros
A12: Minotauros | B12: (none) | E12: 0 | F12: Ravnica | G12: M | H12: 40 | K12: Common, Sylvan | L12: 2 | M12: - | N12: - | O12: - | P12: 1 | Q12: - | R12: ="2 skills: "&'Habilidades de Rol'!D69 -> 2 skills: | S12: Charge; Hooves; Equine Build; +1 skill (select); type fey | T12: Ravnica
A13: Sagas
A14: Sagas | B14: (none) | D14: AL | E14: 60 | F14: Rare | G14: M | H14: 30 | K14: Common, Elvish, Giant | L14: 1 | M14: - | N14: - | O14: - | P14: 2 | Q14: - | R14: ="1 skills: "&'Habilidades de Rol'!D71 -> 1 skills: | S14: Firbolg Magic; Hidden Step; Powerful Build; Speech of Beast/Leaf | T14: Volo's 106-107
A15: Sagas | B15: Avariel | E15: 60 | F15: Very Rare | H15: 30 | J15: 30 | K15: + Auran | L15: - | M15: 2 | N15: - | O15: - | P15: - | Q15: 1 | R15: ="1 skills: "&'Habilidades de Rol'!D72 -> 1 skills: | T15: Elf Sub
A16: Sagas | B16: Grugach | E16: 60 | F16: Greyhawk | H16: 30 | K16: - Common; + Sylvan | L16: 1 | M16: 2 | N16: - | O16: - | P16: - | Q16: - | R16: ="1 skills: "&'Habilidades de Rol'!D73 -> 1 skills: | S16: Grugach Weapon Training; Cantrip (Druid) | T16: Elf Sub
A17: Sagas | B17: (none) | E17: 60 | F17: Very Rare | G17: M | H17: 35 | K17: Common, Sylvan | L17: - | M17: 1 | N17: - | O17: - | P17: - | Q17: 2 | R17: ="2 skills: "&'Habilidades de Rol'!D74 -> 2 skills: Interpretacion, Persuasion, | S17: Fey; Ram (1d4 + Str); Magic Resistence; Mirthful Leaps; | T17: MOT
A18: Orc
A19: Orc | B19: (none) | D19: AL | E19: 60 | F19: Monster | G19: M | H19: 30 | K19: Common, Orc | L19: =+2 -> 2 | M19: - | N19: =+1 -> 1 | O19: - | P19: - | Q19: - | R19: ="1 skills: "&'Habilidades de Rol'!D76 -> 1 skills: Percepcion, | S19: Aggressive (bonus action Dash toward enemy); Powerful Build; Intimidation skill | T19: Volo's 120
A20: Half-Orc | B20: (none) | D20: AL | E20: 60 | F20: Uncommon | G20: M | H20: 30 | K20: Common, Orc | L20: 2 | M20: - | N20: 1 | O20: - | P20: - | Q20: - | R20: ="2 skills: "&'Habilidades de Rol'!D77 -> 2 skills: Intimidacion, | S20: Relentless Endurance; Savage Attacks | T20: PHB 40
A21: Orc | B21: Githyanki | D21: AL | E21: 60 | H21: 30 | K21: +1 | L21: 2 | M21: - | N21: - | O21: 1 | P21: - | Q21: - | R21: ="1 skills: "&'Habilidades de Rol'!D78 -> 1 skills: | S21: Light & Medium Armor prof.; Shortsword, Longsword, Greatsword prof.; +1 skill/tool; Githyanki Psionics (spells) | T21: Mordenkainen
A22: Enanos
A23: Medianos | B23: (choose one) | D23: AL | E23: 60 | F23: Common | G23: M | H23: 25 | K23: Common, Dwarf | L23: - | M23: - | N23: - | O23: - | P23: - | Q23: - | R23: ="1 skills: "&'Habilidades de Rol'!D80 -> 1 skills: | S23: Dwarven Combat Training; Stone-cunning; Adv. on poison saves; Poison Res.; Smith's/Brewer's/Mason's tools prof.; Speed not reduced by heavy armor | T23: PHB 18
A24: Dwarf | B24: Hill | D24: AL | E24: 60 | H24: 25 | L24: - | M24: - | N24: 2 | O24: - | P24: =+1 -> 1 | Q24: - | R24: ="1 skills: "&'Habilidades de Rol'!D81 -> 1 skills: | S24: HP max +1 per level | T24: PHB 20
A25: Dwarf | B25: Mountain | D25: AL | E25: 60 | H25: 25 | L25: =+2 -> 2 | M25: - | N25: 2 | O25: - | P25: - | Q25: - | R25: ="1 skills: "&'Habilidades de Rol'!D82 -> 1 skills: | S25: Light & Medium Armor prof. | T25: PHB 20
A26: Dwarf | B26: Gray (Duergar) | D26: AL | E26: 120 | F26: Rare | H26: 25 | K26: + Undercommon | L26: =+1 -> 1 | M26: - | N26: 2 | O26: - | P26: - | Q26: - | R26: ="1 skills: "&'Habilidades de Rol'!D83 -> 1 skills: | S26: Sunlight Sens.; Duergar Magic; Illusion, charm and paralysis res. | T26: SCAG/Mord
A27: Elfos
A28: Elf | B28: High | D28: AL | E28: 60 | F28: Uncommon | H28: 30 | K28: +1 | L28: - | M28: 2 | N28: - | O28: =+1 -> 1 | P28: - | Q28: - | R28: ="1 skills: "&'Habilidades de Rol'!D85 -> 1 skills: | S28: Elf Weapon Training; +1 Wizard cantrip | T28: PHB 23, Rav
A29: Elf | B29: Wood | D29: AL | E29: 60 | F29: Uncommon | H29: 35 | L29: - | M29: 2 | N29: - | O29: - | P29: =+1 -> 1 | Q29: - | R29: ="1 skills: "&'Habilidades de Rol'!D86 -> 1 skills: | S29: Elf Weapon Training; Mask of the Wild | T29: PHB 24, Rav
A30: Elf | B30: Drow | D30: AL | E30: 120 | F30: Uncommon | H30: 30 | L30: - | M30: 2 | N30: - | O30: - | P30: - | Q30: =+1 -> 1 | R30: ="1 skills: "&'Habilidades de Rol'!D87 -> 1 skills: | S30: Sunlight Sens.; Drow Weapons Training; Drow Magic (spells) | T30: PHB 24, Rav
A31: Elf | B31: Eladrin | E31: 60 | F31: Very Rare | H31: 30 | L31: - | M31: 2 | N31: - | O31: =+1 -> 1 | P31: - | Q31: - | R31: ="1 skills: "&'Habilidades de Rol'!D88 -> 1 skills: | S31: Elf Weapon Training; Fey Step | T31: DMG 286
A32: Half-Elf | B32: Half-Wood | D32: AL | E32: 45 | F32: Extremly rare | H32: 30 | L32: - | M32: 1 | N32: - | O32: - | P32: - | Q32: 2 | R32: ="1 skills: "&'Habilidades de Rol'!D89 -> 1 skills: | S32: (-Skill Versatility); Elf Weapon Training or Fleet of Foot or Mask of the Wild | T32: SCAG 116
A33: Half-Elf | B33: Half-Moon/Sun | D33: AL | E33: 45 | F33: Extremly rare | H33: 30 | L33: - | M33: 1 | N33: - | O33: - | P33: - | Q33: 2 | R33: ="1 skills: "&'Habilidades de Rol'!D90 -> 1 skills: | S33: (-Skill Versatility); Elf Weapon Training or +1 Wizard cantrip | T33: SCAG 116
A34: Gnomos
A35: Gnome | B35: Forest | D35: AL | E35: 60 | H35: 25 | L35: - | M35: 1 | N35: - | O35: 2 | P35: - | Q35: - | R35: ="1 skills: "&'Habilidades de Rol'!D92 -> 1 skills: | S35: Minor Illusion cantrip; Speak with Small Beasts | T35: PHB 37
A36: Gnome | B36: Rock | D36: AL | E36: 60 | H36: 25 | L36: - | M36: - | N36: 1 | O36: 2 | P36: - | Q36: - | R36: ="1 skills: "&'Habilidades de Rol'!D93 -> 1 skills: | S36: Artificer's Lore; Tinker | T36: PHB 37
A37: Gnome | B37: Deep | D37: AL | E37: 120 | F37: Rare | H37: 25 | K37: + Undercommon | L37: - | M37: 1 | N37: - | O37: 2 | P37: - | Q37: - | R37: ="1 skills: "&'Habilidades de Rol'!D94 -> 1 skills: | S37: Adv. on Stealth to hide in rocky terrain; (Feat opportunity: Svirfneblin Magic) | T37: SCAG/Mord
A38: Yokai
A39: Yokai | B39: (none) | F39: Krynn | G39: S | H39: 25 | K39: Common, Kenderspeak | L39: - | M39: 1 | N39: - | O39: 2 | P39: - | Q39: 1 | R39: ="1 skills: "&'Habilidades de Rol'!D96 -> 1 skills: | S39: Immune to Frightened; Taunt; Kender Pockets | T39: Playtest: Races 11
A40: Locathah | B40: (none) | F40: Very Rare | G40: M | H40: 30 | I40: 30 | K40: Common, Aquan | L40: 2 | M40: 1 | N40: - | O40: - | P40: - | Q40: - | R40: ="1 skills: "&'Habilidades de Rol'!D97 -> 1 skills: | S40: Natural Armor; Athletics & Perception skills; Leviathan Will (Saving throws advantage); Limited Amphibiousness | T40: Locathah Rising
A41: Loxodon | B41: (none) | F41: Ravnica | G41: M | H41: 30 | K41: Common, Loxodon | L41: - | M41: - | N41: 2 | O41: - | P41: 1 | Q41: - | R41: ="1 skills: "&'Habilidades de Rol'!D98 -> 1 skills: | S41: Powerful Build; Natural Armor (12+CON); Trunk; Adv. against Charmed/Frightened; Adv. on Perception, Survival, Investigation checks involving smell | T41: Ravnica
A42: Tiefling
A43: Tiefling | B43: (optional) | D43: AL | E43: 60 | F43: Uncommon | G43: M | H43: 30 | K43: Common, Infernal | L43: - | M43: - | N43: - | O43: 1 | P43: - | Q43: 2 | R43: ="1 skills: "&'Habilidades de Rol'!D100 -> 1 skills: | S43: Infernal Legacy (spells); Fire res. | T43: PHB 42
A44: Tiefling | B44: Feral | D44: AL | F44: Rare | H44: 30 | L44: - | M44: 2 | N44: - | O44: 1 | P44: - | Q44: - | R44: ="1 skills: "&'Habilidades de Rol'!D101 -> 1 skills: | S44: (-Infernal Legacy); Devil's Tongue or Hellfire or Winged | T44: SCG 118
A45: Tiefling | B45: Fierna | D45: AL | F45: Rare | H45: 30 | L45: - | M45: - | N45: - | O45: - | P45: 1 | Q45: 2 | R45: ="1 skills: "&'Habilidades de Rol'!D102 -> 1 skills: | S45: (-Infernal Legacy); Legacy of Phlegethos | T45: Mordenkainen
A46: Tiefling | B46: Zariel | D46: AL | F46: Rare | H46: 30 | L46: 1 | M46: - | N46: - | O46: - | P46: - | Q46: 2 | R46: ="1 skills: "&'Habilidades de Rol'!D103 -> 1 skills: | S46: (-Infernal Legacy); Legacy of Avernus | T46: Mordenkainen
A47: No Muertos
A48: No Muertos | H48: 30 | L48: - | M48: - | N48: - | O48: - | P48: - | Q48: - | R48: ="1 skills: "&'Habilidades de Rol'!D105 -> 1 skills:
A49: No Muertos | B49: Abyssal | F49: Rare | H49: 30 | K49: Common, Abyssal | L49: - | M49: - | N49: 1 | O49: - | P49: - | Q49: 2 | R49: ="1 skills: "&'Habilidades de Rol'!D106 -> 1 skills: | S49: (-Infernal Legacy); Abyssal Arcana; (-Fire res.); HP max increases by half your level | T49: TOBM
A50: No Muertos | B50: Vampiro | E50: 60 | F50: Plane Shift | G50: M | H50: 30 | K50: Common, Vampire | L50: - | M50: - | N50: - | O50: =+1 -> 1 | P50: - | Q50: =+2 -> 2 | R50: ="1 skills: "&'Habilidades de Rol'!D107 -> 1 skills: | S50: Blood Thirst; Necrotic res. | T50: PSZ 15
A51: Nagas
A52: Nagas | B52: (choose one) | F52: Plane Shift | G52: M | H52: 30 | I52: 30 | K52: Common, Merfolk, +1 | L52: - | M52: - | N52: - | O52: - | P52: - | Q52: - | R52: ="1 skills: "&'Habilidades de Rol'!D109 -> 1 skills: | S52: Amphibious | T52: PSZ 13
A53: Nagas | B53: Cosi | H53: 30 | L53: - | M53: - | N53: - | O53: 1 | P53: - | Q53: 2 | R53: ="2 skills: "&'Habilidades de Rol'!D110 -> 2 skills: Juego de Manos, Sigilo, | S53: 1 Bard cantrip | T53: PSZ 13
A54: Nagas | B54: Wind (Emeria) | H54: 30 | L54: - | M54: - | N54: - | O54: - | P54: 2 | Q54: 1 | R54: ="2 skills: "&'Habilidades de Rol'!D111 -> 2 skills: Engaño, Persuasion, | S54: 1 Druid cantrip | T54: PSZ 13
A55: Dracónidos
A56: Dracónidos | B56: (none) | D56: AL | F56: Uncommon | G56: M | H56: 30 | K56: Common, Draconic | L56: =+2 -> 2 | M56: - | N56: - | O56: - | P56: - | Q56: =+1 -> 1 | R56: ="1 skills: "&'Habilidades de Rol'!D113 -> 1 skills: | S56: Breath Weapon (select elemental damage); Select elemental res. | T56: PHB 32-34
A57: Dracónidos | B57: Chromatic | F57: Rare | H57: 30 | L57: 2 | M57: - | N57: - | O57: - | P57: - | Q57: 1 | R57: ="1 skills: "&'Habilidades de Rol'!D114 -> 1 skills: | S57: Chromatic Ancestory; Breath Weapon; Draconic Resistance; Chromatic Warding | T57: UA
A58: Dracónidos | B58: Gem | F58: Rare | H58: 30 | J58: 30 | L58: 2 | M58: - | N58: - | O58: - | P58: - | Q58: 1 | R58: ="1 skills: "&'Habilidades de Rol'!D115 -> 1 skills: | S58: Gem Ancestory; Breath Weapon; Psionic Mind; Gem Flight | T58: UA
A59: Dracónidos | B59: Kobold | E59: 60 | F59: Rare | G59: S | H59: 30 | L59: 2 | M59: - | N59: - | O59: - | P59: - | Q59: 1 | R59: ="1 skills: "&'Habilidades de Rol'!D116 -> 1 skills: | S59: Draconic Legacy; Draconic Roar | T59: UA
A60: Dracónidos | B60: Metallic | F60: Rare | H60: 30 | L60: 2 | M60: - | N60: - | O60: - | P60: - | Q60: 1 | R60: ="1 skills: "&'Habilidades de Rol'!D117 -> 1 skills: | S60: Metallic Ancestory; Breath Weapon; Draconic Resistance; Metallic Breath Weapon | T60: UA
A61: Dracónidos | B61: Oscuro | D61: AL | E61: 60 | F61: Monster | G61: M | H61: 30 | K61: Common, Abyssal, Draconic | L61: - | M61: - | N61: - | O61: 1 | P61: - | Q61: 2 | R61: ="1 skills: "&'Habilidades de Rol'!D118 -> 1 skills: | S61: Innate Spellcasting (spells); Adv. on saves against magic; Immune to Poison/Poisoned | T61: Volo's 120
A62: Human
A63: Human | B63: (optional) | D63: AL | F63: Common | G63: M | H63: 30 | K63: Common, +1 | L63: 1 | M63: 1 | N63: 1 | O63: 1 | P63: 1 | Q63: 1 | R63: ="1 skills: "&'Habilidades de Rol'!D120 -> 1 skills: | T63: PHB 29, Rav
A64: Aegroum | B64: Aegroum | H64: 30 | R64: ="1 skills: "&'Habilidades de Rol'!D121 -> 1 skills:
A65: Ascaria | B65: Ascaria | H65: 30 | R65: ="1 skills: "&'Habilidades de Rol'!D122 -> 1 skills:
A66: Bastrea | B66: Bastrea | H66: 30 | R66: ="1 skills: "&'Habilidades de Rol'!D123 -> 1 skills:
A67: Bastrea - Semi-Elfo | B67: Bastrea - Semi-Elfo | D67: AL | F67: Rare | H67: 30 | I67: 30 | Q67: 2 | R67: ="1 skills: "&'Habilidades de Rol'!D124 -> 1 skills: | S67: (-Skill Versatility) | T67: SCAG 116
A68: Perdidos | B68: Perdidos | H68: 30 | R68: ="1 skills: "&'Habilidades de Rol'!D125 -> 1 skills:
A69: Elementales
A70: Elemental | B70: Air | D70: AL | F70: Rare | H70: 30 | L70: - | M70: 1 | N70: 2 | O70: - | P70: - | Q70: - | R70: ="1 skills: "&'Habilidades de Rol'!D127 -> 1 skills: | S70: Unending Breath; Mingle with the Wind | T70: EE 9
A71: Elemental | B71: Earth | D71: AL | F71: Rare | H71: 30 | L71: 1 | M71: - | N71: 2 | O71: - | P71: - | Q71: - | R71: ="1 skills: "&'Habilidades de Rol'!D128 -> 1 skills: | S71: Earth Walk; Merge with Stone | T71: EE 9
A72: Elemental | B72: Fire | D72: AL | E72: 30 | F72: Rare | H72: 30 | L72: - | M72: - | N72: 2 | O72: 1 | P72: - | Q72: - | R72: ="1 skills: "&'Habilidades de Rol'!D129 -> 1 skills: | S72: Reach to the Blaze; Fire res. | T72: EE 9
A73: Elemental | B73: Water | D73: AL | F73: Rare | H73: 30 | I73: 30 | L73: - | M73: - | N73: 2 | O73: - | P73: 1 | Q73: - | R73: ="1 skills: "&'Habilidades de Rol'!D130 -> 1 skills: | S73: Amphibious; Call to the Wave; Acid res. | T73: EE 10
A74: Elemental | B74: Light | F74: Very Rare | H74: 30 | L74: - | M74: - | N74: - | O74: - | P74: 1 | Q74: 2 | R74: ="1 skills: "&'Habilidades de Rol'!D131 -> 1 skills: | S74: (-Healing Hands); Celestial Legacy (2 additional spells) | T74: DMG 286
A75: Elemental | B75: Shadow | D75: AL | F75: Very Rare | H75: 30 | L75: 1 | M75: - | N75: - | O75: - | P75: - | Q75: 2 | R75: ="1 skills: "&'Habilidades de Rol'!D132 -> 1 skills: | S75: Necrotic Shroud (crowd control; damage buff) | T75: Volo's 105
A76: Goblin
A77: Goblin | B77: (none) | D77: AL | E77: 60 | F77: Monster | G77: S | H77: 30 | K77: Common, Goblin | L77: - | M77: 2 | N77: 1 | O77: - | P77: - | Q77: - | R77: ="1 skills: "&'Habilidades de Rol'!D134 -> 1 skills: | S77: Fury of the Small; Disengage/Hide bonus action | T77: Volo's 119
A78: Goblin | B78: Grotag | H78: 30 | L78: 1 | M78: - | N78: 2 | O78: - | P78: - | Q78: - | R78: ="1 skills: "&'Habilidades de Rol'!D135 -> 1 skills: | S78: Animal Handling skill | T78: PSZ 16-17
A79: Goblin | B79: Lavastep | H79: 30 | L79: - | M79: 1 | N79: 2 | O79: - | P79: - | Q79: - | R79: ="1 skills: "&'Habilidades de Rol'!D136 -> 1 skills: | S79: Adv. on Stealth to hide in rocky or subterranean places | T79: PSZ 16-17
A80: Hobgoblin | B80: (none) | D80: AL | E80: 60 | F80: Monster | G80: M | H80: 30 | K80: Common, Goblin | L80: - | M80: - | N80: 2 | O80: 1 | P80: - | Q80: - | R80: ="1 skills: "&'Habilidades de Rol'!D137 -> 1 skills: | S80: Light armor; 2 martial weapons; Saving Face | T80: Volo's 119
A81: Verdan | B81: (none) | F81: Very Rare | G81: M | H81: 30 | K81: Common, Goblin, +1 | L81: - | M81: - | N81: 1 | O81: - | P81: - | Q81: 2 | R81: ="1 skills: "&'Habilidades de Rol'!D138 -> 1 skills: | S81: Black Blood Healing; Limited Telepathy; Persuasion Skill; Wis. and Cha. Saving Throw Advantage | T81: AI

Sheet Habilidades de Rol
D1: Background | R1: Class | AE1: Gods
A2: Skill | C2: Ability Score | D2: =A37 -> Acolito | E2: =A38 -> Charalatan | F2: =A39 -> Criminal | G2: =A40 -> Artista | H2: =A41 -> Heroe del pueblo | I2: =A42 -> Artista Gremial | J2: =A43 -> Hermitaño | K2: =A44 -> Noble | L2: =A45 -> Fujitivo | M2: =A46 -> Sabio | N2: =A47 -> Marinero | O2: =A48 -> Soldado | P2: =A49 -> Huerfano | R2: =A23 -> BÁRBARO | S2: =A24 -> BARDO | T2: =A25 -> ARTIFICIERO | U2: =A26 -> DRUIDA | V2: =A27 -> GUERRERO | W2: =A28 -> CHAMÁN | X2: =A29 -> PALADIN | Y2: =A30 -> CAZADOR | Z2: =A31 -> PÍCARO | AA2: =A32 -> HECHICERO | AB2: =A33 -> BRUJO | AC2: =A34 -> MAGO | AE2: =A52 -> EGOS | AF2: =A53 -> EROS | AG2: =A54 -> CHRONOS | AH2: =A55 -> SOFIA | AI2: =A56 -> ENVIDIA | AJ2: =A57 -> VIDA | AK2: =A58 -> MUERTE | AM2: =$A60 -> Hombres Lagarto | AN2: =$A61 -> Hombres Lagarto | AO2: =$A63 -> Hombres Pájaro | AP2: =$A64 -> Hombres Pájaro | AQ2: =$A66 -> Hombres Gato | AR2: =$A67 -> Hombres Gato | AS2: =$A69 -> Minotauros | AT2: =$A71 -> Sagas | AU2: =$A72 -> Sagas | AV2: =$A73 -> Sagas | AW2: =$A74 -> Sagas | AX2: =$A76 -> Orc | AY2: =$A77 -> Half-Orc | AZ2: =$A78 -> Orc | BA2: =$A80 -> Medianos | BB2: =$A81 -> Dwarf | BC2: =$A82 -> Dwarf | BD2: =$A83 -> Dwarf | BE2: =$A85 -> Elf | BF2: =$A86 -> Elf | BG2: =$A87 -> Elf | BH2: =$A88 -> Elf | BI2: =$A89 -> Half-Elf | BJ2: =$A90 -> Half-Elf | BK2: =$A92 -> Gnome | BL2: =$A93 -> Gnome | BM2: =$A94 -> Gnome | BN2: =$A96 -> Yokai | BO2: =$A97 -> Locathah | BP2: =$A98 -> Loxodon | BQ2: =$A100 -> Tiefling | BR2: =$A101 -> Tiefling | BS2: =$A102 -> Tiefling | BT2: =$A103 -> Tiefling | BU2: =$A105 -> No Muertos | BV2: =$A106 -> No Muertos | BW2: =$A107 -> No Muertos | BX2: =$A109 -> Nagas | BY2: =$A110 -> Nagas | BZ2: =$A111 -> Nagas | CA2: =$A113 -> Dracónidos | CB2: =$A114 -> Dracónidos | CC2: =$A115 -> Dracónidos | CD2: =$A116 -> Dracónidos | CE2: =$A117 -> Dracónidos | CF2: =$A118 -> Dracónidos | CG2: =$A120 -> Human | CH2: =$A121 -> Aegroum | CI2: =$A122 -> Ascaria | CJ2: =$A123 -> Bastrea | CK2: =$A124 -> Bastrea - Semi-Elfo | CL2: =$A125 -> Perdidos | CM2: =$A127 -> Elemental | CN2: =$A128 -> Elemental | CO2: =$A129 -> Elemental | CP2: =$A130 -> Elemental | CQ2: =$A131 -> Elemental | CR2: =$A132 -> Elemental | CS2: =$A134 -> Goblin | CT2: =$A135 -> Goblin | CU2: =$A136 -> Goblin | CV2: =$A137 -> Hobgoblin | CW2: =$A138 -> Verdan
A4: Acrobacias | C4: Destreza | G4: X | S4: X | V4: X | W4: X | Z4: X
A5: Trato con animales | C5: Sabiduria | H5: X | R5: X | S5: X | U5: X | V5: X | Y5: X | AM5: X | AN5: X
A6: Arcano | C6: Inteligencia | M6: X | S6: X | T6: X | U6: X | AA6: X | AB6: X | AC6: X
A7: Atletismo | C7: Fuerza | L7: X | N7: X | O7: X | R7: X | S7: X | T7: X | V7: X | W7: X | X7: X | Y7: X | Z7: X
A8: Engaño | C8: Carisma | E8: X | F8: X | S8: X | Z8: X | AA8: X | AB8: X | BZ8: X
A9: Historia | C9: Inteligencia | K9: X | M9: X | S9: X | T9: X | V9: X | W9: X | AB9: X | AC9: X
A10: Perspicacia | C10: Sabiduria | D10: X | I10: X | S10: X | T10: X | U10: X | V10: X | W10: X | X10: X | Y10: X | Z10: X | AA10: X | AC10: X
A11: Intimidacion | C11: Carisma | O11: X | R11: X | S11: X | V11: X | X11: X | Z11: X | AA11: X | AB11: X | AY11: X
A12: Investigacion | C12: Inteligencia | S12: X | T12: X | Y12: X | Z12: X | AB12: X | AC12: X
A13: Medicina | C13: Sabiduria | J13: X | S13: X | T13: X | U13: X | X13: X | AC13: X
A14: Naturaleza | C14: Inteligencia | R14: X | S14: X | T14: X | U14: X | Y14: X | AB14: X | AM14: X | AN14: X
A15: Percepcion | C15: Sabiduria | N15: X | R15: X | S15: X | T15: X | U15: X | V15: X | Y15: X | Z15: X | AM15: X | AN15: X | AQ15: X | AX15: X
A16: Interpretacion | C16: Carisma | G16: X | S16: X | Z16: X | AW16: X
A17: Persuasion | C17: Carisma | I17: X | K17: X | S17: X | X17: X | Z17: X | AA17: X | AW17: X | BZ17: X
A18: Religion | C18: Inteligencia | D18: X | J18: X | S18: X | U18: X | W18: X | X18: X | AA18: X | AB18: X | AC18: X
A19: Juego de Manos | C19: Destreza | E19: X | P19: X | S19: X | T19: X | Z19: X | BY19: X
A20: Sigilo | C20: Destreza | F20: X | P20: X | S20: X | W20: X | Y20: X | Z20: X | AM20: X | AN20: X | AQ20: X | BY20: X
A21: Supervivencia | C21: Sabiduria | H21: X | L21: X | R21: X | S21: X | U21: X | V21: X | Y21: X | AM21: X | AN21: X
A23: BÁRBARO | D23: =IF(R4="X",$A$4&", ","")&IF(R5="X",$A$5&", ","")&IF(R6="X",$A$6&", ","")&IF(R7="X",$A$7&", ","")&IF(R8="X",$A$8&", ","")&IF(R9="X",$A$9&", ","")&IF(R10="X",$A$10&", ","")&IF(R11="X",$A$11&", ","")&IF(R12="X",$A12&", ","")&IF(R13="X",$A13&", ","")&IF(R14="X",$A14&", ","")&IF(R15="X",$A15&", ","")&IF(R16="X",$A16&", ","")&IF(R17="X",$A17&", ","")&IF(R18="X",$A18&", ","")&IF(R19="X",$A19&", ","")&IF(R20="X",$A20&", ","")&IF(R21="X",$A21&", ","") -> Trato con animales, Atletismo, Intimidacion, Naturaleza, Percepcion, Supervivencia,
A24: BARDO | D24: =IF(S4="X",$A$4&", ","")&IF(S5="X",$A$5&", ","")&IF(S6="X",$A$6&", ","")&IF(S7="X",$A$7&", ","")&IF(S8="X",$A$8&", ","")&IF(S9="X",$A$9&", ","")&IF(S10="X",$A$10&", ","")&IF(S11="X",$A$11&", ","")&IF(S12="X",$A12&", ","")&IF(S13="X",$A13&", ","")&IF(S14="X",$A14&", ","")&IF(S15="X",$A15&", ","")&IF(S16="X",$A16&", ","")&IF(S17="X",$A17&", ","")&IF(S18="X",$A18&", ","")&IF(S19="X",$A19&", ","")&IF(S20="X",$A20&", ","")&IF(S21="X",$A21&", ","") -> Acrobacias, Trato con animales, Arcano, Atletismo, Engaño, Historia, Perspicacia, Intimidacion, Investigacion, Medicina, Naturaleza, Percepcion, Interpretacion, Persuasion, Religion, Juego de Manos, Sigilo, Supervivencia,
A25: ARTIFICIERO | D25: =IF(T4="X",$A$4&", ","")&IF(T5="X",$A$5&", ","")&IF(T6="X",$A$6&", ","")&IF(T7="X",$A$7&", ","")&IF(T8="X",$A$8&", ","")&IF(T9="X",$A$9&", ","")&IF(T10="X",$A$10&", ","")&IF(T11="X",$A$11&", ","")&IF(T12="X",$A12&", ","")&IF(T13="X",$A13&", ","")&IF(T14="X",$A14&", ","")&IF(T15="X",$A15&", ","")&IF(T16="X",$A16&", ","")&IF(T17="X",$A17&", ","")&IF(T18="X",$A18&", ","")&IF(T19="X",$A19&", ","")&IF(T20="X",$A20&", ","")&IF(T21="X",$A21&", ","") -> Arcano, Atletismo, Historia, Perspicacia, Investigacion, Medicina, Naturaleza, Percepcion, Juego de Manos,
A26: DRUIDA | D26: =IF(U4="X",$A$4&", ","")&IF(U5="X",$A$5&", ","")&IF(U6="X",$A$6&", ","")&IF(U7="X",$A$7&", ","")&IF(U8="X",$A$8&", ","")&IF(U9="X",$A$9&", ","")&IF(U10="X",$A$10&", ","")&IF(U11="X",$A$11&", ","")&IF(U12="X",$A12&", ","")&IF(U13="X",$A13&", ","")&IF(U14="X",$A14&", ","")&IF(U15="X",$A15&", ","")&IF(U16="X",$A16&", ","")&IF(U17="X",$A17&", ","")&IF(U18="X",$A18&", ","")&IF(U19="X",$A19&", ","")&IF(U20="X",$A20&", ","")&IF(U21="X",$A21&", ","") -> Trato con animales, Arcano, Perspicacia, Medicina, Naturaleza, Percepcion, Religion, Supervivencia,
A27: GUERRERO | D27: =IF(V4="X",$A$4&", ","")&IF(V5="X",$A$5&", ","")&IF(V6="X",$A$6&", ","")&IF(V7="X",$A$7&", ","")&IF(V8="X",$A$8&", ","")&IF(V9="X",$A$9&", ","")&IF(V10="X",$A$10&", ","")&IF(V11="X",$A$11&", ","")&IF(V12="X",$A12&", ","")&IF(V13="X",$A13&", ","")&IF(V14="X",$A14&", ","")&IF(V15="X",$A15&", ","")&IF(V16="X",$A16&", ","")&IF(V17="X",$A17&", ","")&IF(V18="X",$A18&", ","")&IF(V19="X",$A19&", ","")&IF(V20="X",$A20&", ","")&IF(V21="X",$A21&", ","") -> Acrobacias, Trato con animales, Atletismo, Historia, Perspicacia, Intimidacion, Percepcion, Supervivencia,
A28: CHAMÁN | D28: =IF(W4="X",$A$4&", ","")&IF(W5="X",$A$5&", ","")&IF(W6="X",$A$6&", ","")&IF(W7="X",$A$7&", ","")&IF(W8="X",$A$8&", ","")&IF(W9="X",$A$9&", ","")&IF(W10="X",$A$10&", ","")&IF(W11="X",$A$11&", ","")&IF(W12="X",$A12&", ","")&IF(W13="X",$A13&", ","")&IF(W14="X",$A14&", ","")&IF(W15="X",$A15&", ","")&IF(W16="X",$A16&", ","")&IF(W17="X",$A17&", ","")&IF(W18="X",$A18&", ","")&IF(W19="X",$A19&", ","")&IF(W20="X",$A20&", ","")&IF(W21="X",$A21&", ","") -> Acrobacias, Atletismo, Historia, Perspicacia, Religion, Sigilo,
A29: PALADIN | D29: =IF(X4="X",$A$4&", ","")&IF(X5="X",$A$5&", ","")&IF(X6="X",$A$6&", ","")&IF(X7="X",$A$7&", ","")&IF(X8="X",$A$8&", ","")&IF(X9="X",$A$9&", ","")&IF(X10="X",$A$10&", ","")&IF(X11="X",$A$11&", ","")&IF(X12="X",$A12&", ","")&IF(X13="X",$A13&", ","")&IF(X14="X",$A14&", ","")&IF(X15="X",$A15&", ","")&IF(X16="X",$A16&", ","")&IF(X17="X",$A17&", ","")&IF(X18="X",$A18&", ","")&IF(X19="X",$A19&", ","")&IF(X20="X",$A20&", ","")&IF(X21="X",$A21&", ","") -> Atletismo, Perspicacia, Intimidacion, Medicina, Persuasion, Religion,
A30: CAZADOR | D30: =IF(Y4="X",$A$4&", ","")&IF(Y5="X",$A$5&", ","")&IF(Y6="X",$A$6&", ","")&IF(Y7="X",$A$7&", ","")&IF(Y8="X",$A$8&", ","")&IF(Y9="X",$A$9&", ","")&IF(Y10="X",$A$10&", ","")&IF(Y11="X",$A$11&", ","")&IF(Y12="X",$A12&", ","")&IF(Y13="X",$A13&", ","")&IF(Y14="X",$A14&", ","")&IF(Y15="X",$A15&", ","")&IF(Y16="X",$A16&", ","")&IF(Y17="X",$A17&", ","")&IF(Y18="X",$A18&", ","")&IF(Y19="X",$A19&", ","")&IF(Y20="X",$A20&", ","")&IF(Y21="X",$A21&", ","") -> Trato con animales, Atletismo, Perspicacia, Investigacion, Naturaleza, Percepcion, Sigilo, Supervivencia,
A31: PÍCARO | D31: =IF(Z4="X",$A$4&", ","")&IF(Z5="X",$A$5&", ","")&IF(Z6="X",$A$6&", ","")&IF(Z7="X",$A$7&", ","")&IF(Z8="X",$A$8&", ","")&IF(Z9="X",$A$9&", ","")&IF(Z10="X",$A$10&", ","")&IF(Z11="X",$A$11&", ","")&IF(Z12="X",$A12&", ","")&IF(Z13="X",$A13&", ","")&IF(Z14="X",$A14&", ","")&IF(Z15="X",$A15&", ","")&IF(Z16="X",$A16&", ","")&IF(Z17="X",$A17&", ","")&IF(Z18="X",$A18&", ","")&IF(Z19="X",$A19&", ","")&IF(Z20="X",$A20&", ","")&IF(Z21="X",$A21&", ","") -> Acrobacias, Atletismo, Engaño, Perspicacia, Intimidacion, Investigacion, Percepcion, Interpretacion, Persuasion, Juego de Manos, Sigilo,
A32: HECHICERO | D32: =IF(AA4="X",$A$4&", ","")&IF(AA5="X",$A$5&", ","")&IF(AA6="X",$A$6&", ","")&IF(AA7="X",$A$7&", ","")&IF(AA8="X",$A$8&", ","")&IF(AA9="X",$A$9&", ","")&IF(AA10="X",$A$10&", ","")&IF(AA11="X",$A$11&", ","")&IF(AA12="X",$A12&", ","")&IF(AA13="X",$A13&", ","")&IF(AA14="X",$A14&", ","")&IF(AA15="X",$A15&", ","")&IF(AA16="X",$A16&", ","")&IF(AA17="X",$A17&", ","")&IF(AA18="X",$A18&", ","")&IF(AA19="X",$A19&", ","")&IF(AA20="X",$A20&", ","")&IF(AA21="X",$A21&", ","") -> Arcano, Engaño, Perspicacia, Intimidacion, Persuasion, Religion,
A33: BRUJO | D33: =IF(AB4="X",$A$4&", ","")&IF(AB5="X",$A$5&", ","")&IF(AB6="X",$A$6&", ","")&IF(AB7="X",$A$7&", ","")&IF(AB8="X",$A$8&", ","")&IF(AB9="X",$A$9&", ","")&IF(AB10="X",$A$10&", ","")&IF(AB11="X",$A$11&", ","")&IF(AB12="X",$A12&", ","")&IF(AB13="X",$A13&", ","")&IF(AB14="X",$A14&", ","")&IF(AB15="X",$A15&", ","")&IF(AB16="X",$A16&", ","")&IF(AB17="X",$A17&", ","")&IF(AB18="X",$A18&", ","")&IF(AB19="X",$A19&", ","")&IF(AB20="X",$A20&", ","")&IF(AB21="X",$A21&", ","") -> Arcano, Engaño, Historia, Intimidacion, Investigacion, Naturaleza, Religion,
A34: MAGO | D34: =IF(AC4="X",$A$4&", ","")&IF(AC5="X",$A$5&", ","")&IF(AC6="X",$A$6&", ","")&IF(AC7="X",$A$7&", ","")&IF(AC8="X",$A$8&", ","")&IF(AC9="X",$A$9&", ","")&IF(AC10="X",$A$10&", ","")&IF(AC11="X",$A$11&", ","")&IF(AC12="X",$A12&", ","")&IF(AC13="X",$A13&", ","")&IF(AC14="X",$A14&", ","")&IF(AC15="X",$A15&", ","")&IF(AC16="X",$A16&", ","")&IF(AC17="X",$A17&", ","")&IF(AC18="X",$A18&", ","")&IF(AC19="X",$A19&", ","")&IF(AC20="X",$A20&", ","")&IF(AC21="X",$A21&", ","") -> Arcano, Historia, Perspicacia, Investigacion, Medicina, Religion,
A37: Acolito | D37: =IF(D4="X",$A$4&", ","")&IF(D5="X",$A$5&", ","")&IF(D6="X",$A$6&", ","")&IF(D7="X",$A$7&", ","")&IF(D8="X",$A$8&", ","")&IF(D9="X",$A$9&", ","")&IF(D10="X",$A$10&", ","")&IF(D11="X",$A$11&", ","")&IF(D12="X",$A12&", ","")&IF(D13="X",$A13&", ","")&IF(D14="X",$A14&", ","")&IF(D15="X",$A15&", ","")&IF(D16="X",$A16&", ","")&IF(D17="X",$A17&", ","")&IF(D18="X",$A18&", ","")&IF(D19="X",$A19&", ","")&IF(D20="X",$A20&", ","")&IF(D21="X",$A21&", ","") -> Perspicacia, Religion,
A38: Charalatan | D38: =IF(E4="X",$A$4&", ","")&IF(E5="X",$A$5&", ","")&IF(E6="X",$A$6&", ","")&IF(E7="X",$A$7&", ","")&IF(E8="X",$A$8&", ","")&IF(E9="X",$A$9&", ","")&IF(E10="X",$A$10&", ","")&IF(E11="X",$A$11&", ","")&IF(E12="X",$A12&", ","")&IF(E13="X",$A13&", ","")&IF(E14="X",$A14&", ","")&IF(E15="X",$A15&", ","")&IF(E16="X",$A16&", ","")&IF(E17="X",$A17&", ","")&IF(E18="X",$A18&", ","")&IF(E19="X",$A19&", ","")&IF(E20="X",$A20&", ","")&IF(E21="X",$A21&", ","") -> Engaño, Juego de Manos,
A39: Criminal | D39: =IF(F4="X",$A$4&", ","")&IF(F5="X",$A$5&", ","")&IF(F6="X",$A$6&", ","")&IF(F7="X",$A$7&", ","")&IF(F8="X",$A$8&", ","")&IF(F9="X",$A$9&", ","")&IF(F10="X",$A$10&", ","")&IF(F11="X",$A$11&", ","")&IF(F12="X",$A12&", ","")&IF(F13="X",$A13&", ","")&IF(F14="X",$A14&", ","")&IF(F15="X",$A15&", ","")&IF(F16="X",$A16&", ","")&IF(F17="X",$A17&", ","")&IF(F18="X",$A18&", ","")&IF(F19="X",$A19&", ","")&IF(F20="X",$A20&", ","")&IF(F21="X",$A21&", ","") -> Engaño, Sigilo,
A40: Artista | D40: =IF(G4="X",$A$4&", ","")&IF(G5="X",$A$5&", ","")&IF(G6="X",$A$6&", ","")&IF(G7="X",$A$7&", ","")&IF(G8="X",$A$8&", ","")&IF(G9="X",$A$9&", ","")&IF(G10="X",$A$10&", ","")&IF(G11="X",$A$11&", ","")&IF(G12="X",$A12&", ","")&IF(G13="X",$A13&", ","")&IF(G14="X",$A14&", ","")&IF(G15="X",$A15&", ","")&IF(G16="X",$A16&", ","")&IF(G17="X",$A17&", ","")&IF(G18="X",$A18&", ","")&IF(G19="X",$A19&", ","")&IF(G20="X",$A20&", ","")&IF(G21="X",$A21&", ","") -> Acrobacias, Interpretacion,
A41: Heroe del pueblo | D41: =IF(H4="X",$A$4&", ","")&IF(H5="X",$A$5&", ","")&IF(H6="X",$A$6&", ","")&IF(H7="X",$A$7&", ","")&IF(H8="X",$A$8&", ","")&IF(H9="X",$A$9&", ","")&IF(H10="X",$A$10&", ","")&IF(H11="X",$A$11&", ","")&IF(H12="X",$A12&", ","")&IF(H13="X",$A13&", ","")&IF(H14="X",$A14&", ","")&IF(H15="X",$A15&", ","")&IF(H16="X",$A16&", ","")&IF(H17="X",$A17&", ","")&IF(H18="X",$A18&", ","")&IF(H19="X",$A19&", ","")&IF(H20="X",$A20&", ","")&IF(H21="X",$A21&", ","") -> Trato con animales, Supervivencia,
A42: Artista Gremial | D42: =IF(I4="X",$A$4&", ","")&IF(I5="X",$A$5&", ","")&IF(I6="X",$A$6&", ","")&IF(I7="X",$A$7&", ","")&IF(I8="X",$A$8&", ","")&IF(I9="X",$A$9&", ","")&IF(I10="X",$A$10&", ","")&IF(I11="X",$A$11&", ","")&IF(I12="X",$A12&", ","")&IF(I13="X",$A13&", ","")&IF(I14="X",$A14&", ","")&IF(I15="X",$A15&", ","")&IF(I16="X",$A16&", ","")&IF(I17="X",$A17&", ","")&IF(I18="X",$A18&", ","")&IF(I19="X",$A19&", ","")&IF(I20="X",$A20&", ","")&IF(I21="X",$A21&", ","") -> Perspicacia, Persuasion,
A43: Hermitaño | D43: =IF(J4="X",$A$4&", ","")&IF(J5="X",$A$5&", ","")&IF(J6="X",$A$6&", ","")&IF(J7="X",$A$7&", ","")&IF(J8="X",$A$8&", ","")&IF(J9="X",$A$9&", ","")&IF(J10="X",$A$10&", ","")&IF(J11="X",$A$11&", ","")&IF(J12="X",$A12&", ","")&IF(J13="X",$A13&", ","")&IF(J14="X",$A14&", ","")&IF(J15="X",$A15&", ","")&IF(J16="X",$A16&", ","")&IF(J17="X",$A17&", ","")&IF(J18="X",$A18&", ","")&IF(J19="X",$A19&", ","")&IF(J20="X",$A20&", ","")&IF(J21="X",$A21&", ","") -> Medicina, Religion,
A44: Noble | D44: =IF(K4="X",$A$4&", ","")&IF(K5="X",$A$5&", ","")&IF(K6="X",$A$6&", ","")&IF(K7="X",$A$7&", ","")&IF(K8="X",$A$8&", ","")&IF(K9="X",$A$9&", ","")&IF(K10="X",$A$10&", ","")&IF(K11="X",$A$11&", ","")&IF(K12="X",$A12&", ","")&IF(K13="X",$A13&", ","")&IF(K14="X",$A14&", ","")&IF(K15="X",$A15&", ","")&IF(K16="X",$A16&", ","")&IF(K17="X",$A17&", ","")&IF(K18="X",$A18&", ","")&IF(K19="X",$A19&", ","")&IF(K20="X",$A20&", ","")&IF(K21="X",$A21&", ","") -> Historia, Persuasion,
A45: Fujitivo | D45: =IF(L4="X",$A$4&", ","")&IF(L5="X",$A$5&", ","")&IF(L6="X",$A$6&", ","")&IF(L7="X",$A$7&", ","")&IF(L8="X",$A$8&", ","")&IF(L9="X",$A$9&", ","")&IF(L10="X",$A$10&", ","")&IF(L11="X",$A$11&", ","")&IF(L12="X",$A12&", ","")&IF(L13="X",$A13&", ","")&IF(L14="X",$A14&", ","")&IF(L15="X",$A15&", ","")&IF(L16="X",$A16&", ","")&IF(L17="X",$A17&", ","")&IF(L18="X",$A18&", ","")&IF(L19="X",$A19&", ","")&IF(L20="X",$A20&", ","")&IF(L21="X",$A21&", ","") -> Atletismo, Supervivencia,
A46: Sabio | D46: =IF(M4="X",$A$4&", ","")&IF(M5="X",$A$5&", ","")&IF(M6="X",$A$6&", ","")&IF(M7="X",$A$7&", ","")&IF(M8="X",$A$8&", ","")&IF(M9="X",$A$9&", ","")&IF(M10="X",$A$10&", ","")&IF(M11="X",$A$11&", ","")&IF(M12="X",$A12&", ","")&IF(M13="X",$A13&", ","")&IF(M14="X",$A14&", ","")&IF(M15="X",$A15&", ","")&IF(M16="X",$A16&", ","")&IF(M17="X",$A17&", ","")&IF(M18="X",$A18&", ","")&IF(M19="X",$A19&", ","")&IF(M20="X",$A20&", ","")&IF(M21="X",$A21&", ","") -> Arcano, Historia,
A47: Marinero | D47: =IF(N4="X",$A$4&", ","")&IF(N5="X",$A$5&", ","")&IF(N6="X",$A$6&", ","")&IF(N7="X",$A$7&", ","")&IF(N8="X",$A$8&", ","")&IF(N9="X",$A$9&", ","")&IF(N10="X",$A$10&", ","")&IF(N11="X",$A$11&", ","")&IF(N12="X",$A12&", ","")&IF(N13="X",$A13&", ","")&IF(N14="X",$A14&", ","")&IF(N15="X",$A15&", ","")&IF(N16="X",$A16&", ","")&IF(N17="X",$A17&", ","")&IF(N18="X",$A18&", ","")&IF(N19="X",$A19&", ","")&IF(N20="X",$A20&", ","")&IF(N21="X",$A21&", ","") -> Atletismo, Percepcion,
A48: Soldado | D48: =IF(O4="X",$A$4&", ","")&IF(O5="X",$A$5&", ","")&IF(O6="X",$A$6&", ","")&IF(O7="X",$A$7&", ","")&IF(O8="X",$A$8&", ","")&IF(O9="X",$A$9&", ","")&IF(O10="X",$A$10&", ","")&IF(O11="X",$A$11&", ","")&IF(O12="X",$A12&", ","")&IF(O13="X",$A13&", ","")&IF(O14="X",$A14&", ","")&IF(O15="X",$A15&", ","")&IF(O16="X",$A16&", ","")&IF(O17="X",$A17&", ","")&IF(O18="X",$A18&", ","")&IF(O19="X",$A19&", ","")&IF(O20="X",$A20&", ","")&IF(O21="X",$A21&", ","") -> Atletismo, Intimidacion,
A49: Huerfano | D49: =IF(P4="X",$A$4&", ","")&IF(P5="X",$A$5&", ","")&IF(P6="X",$A$6&", ","")&IF(P7="X",$A$7&", ","")&IF(P8="X",$A$8&", ","")&IF(P9="X",$A$9&", ","")&IF(P10="X",$A$10&", ","")&IF(P11="X",$A$11&", ","")&IF(P12="X",$A12&", ","")&IF(P13="X",$A13&", ","")&IF(P14="X",$A14&", ","")&IF(P15="X",$A15&", ","")&IF(P16="X",$A16&", ","")&IF(P17="X",$A17&", ","")&IF(P18="X",$A18&", ","")&IF(P19="X",$A19&", ","")&IF(P20="X",$A20&", ","")&IF(P21="X",$A21&", ","") -> Juego de Manos, Sigilo,
A52: EGOS | D52: =IF(AE4="X",$A$4&", ","")&IF(AE5="X",$A$5&", ","")&IF(AE6="X",$A$6&", ","")&IF(AE7="X",$A$7&", ","")&IF(AE8="X",$A$8&", ","")&IF(AE9="X",$A$9&", ","")&IF(AE10="X",$A$10&", ","")&IF(AE11="X",$A$11&", ","")&IF(AE12="X",$A12&", ","")&IF(AE13="X",$A13&", ","")&IF(AE14="X",$A14&", ","")&IF(AE15="X",$A15&", ","")&IF(AE16="X",$A16&", ","")&IF(AE17="X",$A17&", ","")&IF(AE18="X",$A18&", ","")&IF(AE19="X",$A19&", ","")&IF(AE20="X",$A20&", ","")&IF(AE21="X",$A21&", ","")
A53: EROS | D53: =IF(AF4="X",$A$4&", ","")&IF(AF5="X",$A$5&", ","")&IF(AF6="X",$A$6&", ","")&IF(AF7="X",$A$7&", ","")&IF(AF8="X",$A$8&", ","")&IF(AF9="X",$A$9&", ","")&IF(AF10="X",$A$10&", ","")&IF(AF11="X",$A$11&", ","")&IF(AF12="X",$A12&", ","")&IF(AF13="X",$A13&", ","")&IF(AF14="X",$A14&", ","")&IF(AF15="X",$A15&", ","")&IF(AF16="X",$A16&", ","")&IF(AF17="X",$A17&", ","")&IF(AF18="X",$A18&", ","")&IF(AF19="X",$A19&", ","")&IF(AF20="X",$A20&", ","")&IF(AF21="X",$A21&", ","")
A54: CHRONOS | D54: =IF(AG4="X",$A$4&", ","")&IF(AG5="X",$A$5&", ","")&IF(AG6="X",$A$6&", ","")&IF(AG7="X",$A$7&", ","")&IF(AG8="X",$A$8&", ","")&IF(AG9="X",$A$9&", ","")&IF(AG10="X",$A$10&", ","")&IF(AG11="X",$A$11&", ","")&IF(AG12="X",$A12&", ","")&IF(AG13="X",$A13&", ","")&IF(AG14="X",$A14&", ","")&IF(AG15="X",$A15&", ","")&IF(AG16="X",$A16&", ","")&IF(AG17="X",$A17&", ","")&IF(AG18="X",$A18&", ","")&IF(AG19="X",$A19&", ","")&IF(AG20="X",$A20&", ","")&IF(AG21="X",$A21&", ","")
A55: SOFIA | D55: =IF(AH4="X",$A$4&", ","")&IF(AH5="X",$A$5&", ","")&IF(AH6="X",$A$6&", ","")&IF(AH7="X",$A$7&", ","")&IF(AH8="X",$A$8&", ","")&IF(AH9="X",$A$9&", ","")&IF(AH10="X",$A$10&", ","")&IF(AH11="X",$A$11&", ","")&IF(AH12="X",$A12&", ","")&IF(AH13="X",$A13&", ","")&IF(AH14="X",$A14&", ","")&IF(AH15="X",$A15&", ","")&IF(AH16="X",$A16&", ","")&IF(AH17="X",$A17&", ","")&IF(AH18="X",$A18&", ","")&IF(AH19="X",$A19&", ","")&IF(AH20="X",$A20&", ","")&IF(AH21="X",$A21&", ","")
A56: ENVIDIA | D56: =IF(AI4="X",$A$4&", ","")&IF(AI5="X",$A$5&", ","")&IF(AI6="X",$A$6&", ","")&IF(AI7="X",$A$7&", ","")&IF(AI8="X",$A$8&", ","")&IF(AI9="X",$A$9&", ","")&IF(AI10="X",$A$10&", ","")&IF(AI11="X",$A$11&", ","")&IF(AI12="X",$A12&", ","")&IF(AI13="X",$A13&", ","")&IF(AI14="X",$A14&", ","")&IF(AI15="X",$A15&", ","")&IF(AI16="X",$A16&", ","")&IF(AI17="X",$A17&", ","")&IF(AI18="X",$A18&", ","")&IF(AI19="X",$A19&", ","")&IF(AI20="X",$A20&", ","")&IF(AI21="X",$A21&", ","")
A57: VIDA | D57: =IF(AJ4="X",$A$4&", ","")&IF(AJ5="X",$A$5&", ","")&IF(AJ6="X",$A$6&", ","")&IF(AJ7="X",$A$7&", ","")&IF(AJ8="X",$A$8&", ","")&IF(AJ9="X",$A$9&", ","")&IF(AJ10="X",$A$10&", ","")&IF(AJ11="X",$A$11&", ","")&IF(AJ12="X",$A12&", ","")&IF(AJ13="X",$A13&", ","")&IF(AJ14="X",$A14&", ","")&IF(AJ15="X",$A15&", ","")&IF(AJ16="X",$A16&", ","")&IF(AJ17="X",$A17&", ","")&IF(AJ18="X",$A18&", ","")&IF(AJ19="X",$A19&", ","")&IF(AJ20="X",$A20&", ","")&IF(AJ21="X",$A21&", ","")
A58: MUERTE | D58: =IF(AK4="X",$A$4&", ","")&IF(AK5="X",$A$5&", ","")&IF(AK6="X",$A$6&", ","")&IF(AK7="X",$A$7&", ","")&IF(AK8="X",$A$8&", ","")&IF(AK9="X",$A$9&", ","")&IF(AK10="X",$A$10&", ","")&IF(AK11="X",$A$11&", ","")&IF(AK12="X",$A12&", ","")&IF(AK13="X",$A13&", ","")&IF(AK14="X",$A14&", ","")&IF(AK15="X",$A15&", ","")&IF(AK16="X",$A16&", ","")&IF(AK17="X",$A17&", ","")&IF(AK18="X",$A18&", ","")&IF(AK19="X",$A19&", ","")&IF(AK20="X",$A20&", ","")&IF(AK21="X",$A21&", ","")
A60: =Razas!A3 -> Hombres Lagarto | D60: =IF(AM4="X",$A$4&", ","")&IF(AM5="X",$A$5&", ","")&IF(AM6="X",$A$6&", ","")&IF(AM7="X",$A$7&", ","")&IF(AM8="X",$A$8&", ","")&IF(AM9="X",$A$9&", ","")&IF(AM10="X",$A$10&", ","")&IF(AM11="X",$A$11&", ","")&IF(AM12="X",$A12&", ","")&IF(AM13="X",$A13&", ","")&IF(AM14="X",$A14&", ","")&IF(AM15="X",$A15&", ","")&IF(AM16="X",$A16&", ","")&IF(AM17="X",$A17&", ","")&IF(AM18="X",$A18&", ","")&IF(AM19="X",$A19&", ","")&IF(AM20="X",$A20&", ","")&IF(AM21="X",$A21&", ","") -> Trato con animales, Naturaleza, Percepcion, Sigilo, Supervivencia,
A61: =Razas!A4 -> Hombres Lagarto | D61: =IF(AN4="X",$A$4&", ","")&IF(AN5="X",$A$5&", ","")&IF(AN6="X",$A$6&", ","")&IF(AN7="X",$A$7&", ","")&IF(AN8="X",$A$8&", ","")&IF(AN9="X",$A$9&", ","")&IF(AN10="X",$A$10&", ","")&IF(AN11="X",$A$11&", ","")&IF(AN12="X",$A12&", ","")&IF(AN13="X",$A13&", ","")&IF(AN14="X",$A14&", ","")&IF(AN15="X",$A15&", ","")&IF(AN16="X",$A16&", ","")&IF(AN17="X",$A17&", ","")&IF(AN18="X",$A18&", ","")&IF(AN19="X",$A19&", ","")&IF(AN20="X",$A20&", ","")&IF(AN21="X",$A21&", ","") -> Trato con animales, Naturaleza, Percepcion, Sigilo, Supervivencia,
A63: =Razas!A6 -> Hombres Pájaro | D63: =IF(AO4="X",$A$4&", ","")&IF(AO5="X",$A$5&", ","")&IF(AO6="X",$A$6&", ","")&IF(AO7="X",$A$7&", ","")&IF(AO8="X",$A$8&", ","")&IF(AO9="X",$A$9&", ","")&IF(AO10="X",$A$10&", ","")&IF(AO11="X",$A$11&", ","")&IF(AO12="X",$A12&", ","")&IF(AO13="X",$A13&", ","")&IF(AO14="X",$A14&", ","")&IF(AO15="X",$A15&", ","")&IF(AO16="X",$A16&", ","")&IF(AO17="X",$A17&", ","")&IF(AO18="X",$A18&", ","")&IF(AO19="X",$A19&", ","")&IF(AO20="X",$A20&", ","")&IF(AO21="X",$A21&", ","")
A64: =Razas!A7 -> Hombres Pájaro | D64: =IF(AP4="X",$A$4&", ","")&IF(AP5="X",$A$5&", ","")&IF(AP6="X",$A$6&", ","")&IF(AP7="X",$A$7&", ","")&IF(AP8="X",$A$8&", ","")&IF(AP9="X",$A$9&", ","")&IF(AP10="X",$A$10&", ","")&IF(AP11="X",$A$11&", ","")&IF(AP12="X",$A12&", ","")&IF(AP13="X",$A13&", ","")&IF(AP14="X",$A14&", ","")&IF(AP15="X",$A15&", ","")&IF(AP16="X",$A16&", ","")&IF(AP17="X",$A17&", ","")&IF(AP18="X",$A18&", ","")&IF(AP19="X",$A19&", ","")&IF(AP20="X",$A20&", ","")&IF(AP21="X",$A21&", ","")
A66: =Razas!A9 -> Hombres Gato | D66: =IF(AQ4="X",$A$4&", ","")&IF(AQ5="X",$A$5&", ","")&IF(AQ6="X",$A$6&", ","")&IF(AQ7="X",$A$7&", ","")&IF(AQ8="X",$A$8&", ","")&IF(AQ9="X",$A$9&", ","")&IF(AQ10="X",$A$10&", ","")&IF(AQ11="X",$A$11&", ","")&IF(AQ12="X",$A12&", ","")&IF(AQ13="X",$A13&", ","")&IF(AQ14="X",$A14&", ","")&IF(AQ15="X",$A15&", ","")&IF(AQ16="X",$A16&", ","")&IF(AQ17="X",$A17&", ","")&IF(AQ18="X",$A18&", ","")&IF(AQ19="X",$A19&", ","")&IF(AQ20="X",$A20&", ","")&IF(AQ21="X",$A21&", ","") -> Percepcion, Sigilo,
A67: =Razas!A10 -> Hombres Gato | D67: =IF(AR4="X",$A$4&", ","")&IF(AR5="X",$A$5&", ","")&IF(AR6="X",$A$6&", ","")&IF(AR7="X",$A$7&", ","")&IF(AR8="X",$A$8&", ","")&IF(AR9="X",$A$9&", ","")&IF(AR10="X",$A$10&", ","")&IF(AR11="X",$A$11&", ","")&IF(AR12="X",$A12&", ","")&IF(AR13="X",$A13&", ","")&IF(AR14="X",$A14&", ","")&IF(AR15="X",$A15&", ","")&IF(AR16="X",$A16&", ","")&IF(AR17="X",$A17&", ","")&IF(AR18="X",$A18&", ","")&IF(AR19="X",$A19&", ","")&IF(AR20="X",$A20&", ","")&IF(AR21="X",$A21&", ","")
A69: =Razas!A12 -> Minotauros | D69: =IF(AS4="X",$A$4&", ","")&IF(AS5="X",$A$5&", ","")&IF(AS6="X",$A$6&", ","")&IF(AS7="X",$A$7&", ","")&IF(AS8="X",$A$8&", ","")&IF(AS9="X",$A$9&", ","")&IF(AS10="X",$A$10&", ","")&IF(AS11="X",$A$11&", ","")&IF(AS12="X",$A12&", ","")&IF(AS13="X",$A13&", ","")&IF(AS14="X",$A14&", ","")&IF(AS15="X",$A15&", ","")&IF(AS16="X",$A16&", ","")&IF(AS17="X",$A17&", ","")&IF(AS18="X",$A18&", ","")&IF(AS19="X",$A19&", ","")&IF(AS20="X",$A20&", ","")&IF(AS21="X",$A21&", ","")
A71: =Razas!A14 -> Sagas | D71: =IF(AT4="X",$A$4&", ","")&IF(AT5="X",$A$5&", ","")&IF(AT6="X",$A$6&", ","")&IF(AT7="X",$A$7&", ","")&IF(AT8="X",$A$8&", ","")&IF(AT9="X",$A$9&", ","")&IF(AT10="X",$A$10&", ","")&IF(AT11="X",$A$11&", ","")&IF(AT12="X",$A12&", ","")&IF(AT13="X",$A13&", ","")&IF(AT14="X",$A14&", ","")&IF(AT15="X",$A15&", ","")&IF(AT16="X",$A16&", ","")&IF(AT17="X",$A17&", ","")&IF(AT18="X",$A18&", ","")&IF(AT19="X",$A19&", ","")&IF(AT20="X",$A20&", ","")&IF(AT21="X",$A21&", ","")
A72: =Razas!A15 -> Sagas | D72: =IF(AU4="X",$A$4&", ","")&IF(AU5="X",$A$5&", ","")&IF(AU6="X",$A$6&", ","")&IF(AU7="X",$A$7&", ","")&IF(AU8="X",$A$8&", ","")&IF(AU9="X",$A$9&", ","")&IF(AU10="X",$A$10&", ","")&IF(AU11="X",$A$11&", ","")&IF(AU12="X",$A12&", ","")&IF(AU13="X",$A13&", ","")&IF(AU14="X",$A14&", ","")&IF(AU15="X",$A15&", ","")&IF(AU16="X",$A16&", ","")&IF(AU17="X",$A17&", ","")&IF(AU18="X",$A18&", ","")&IF(AU19="X",$A19&", ","")&IF(AU20="X",$A20&", ","")&IF(AU21="X",$A21&", ","")
A73: =Razas!A16 -> Sagas | D73: =IF(AV4="X",$A$4&", ","")&IF(AV5="X",$A$5&", ","")&IF(AV6="X",$A$6&", ","")&IF(AV7="X",$A$7&", ","")&IF(AV8="X",$A$8&", ","")&IF(AV9="X",$A$9&", ","")&IF(AV10="X",$A$10&", ","")&IF(AV11="X",$A$11&", ","")&IF(AV12="X",$A12&", ","")&IF(AV13="X",$A13&", ","")&IF(AV14="X",$A14&", ","")&IF(AV15="X",$A15&", ","")&IF(AV16="X",$A16&", ","")&IF(AV17="X",$A17&", ","")&IF(AV18="X",$A18&", ","")&IF(AV19="X",$A19&", ","")&IF(AV20="X",$A20&", ","")&IF(AV21="X",$A21&", ","")
A74: =Razas!A17 -> Sagas | D74: =IF(AW4="X",$A$4&", ","")&IF(AW5="X",$A$5&", ","")&IF(AW6="X",$A$6&", ","")&IF(AW7="X",$A$7&", ","")&IF(AW8="X",$A$8&", ","")&IF(AW9="X",$A$9&", ","")&IF(AW10="X",$A$10&", ","")&IF(AW11="X",$A$11&", ","")&IF(AW12="X",$A12&", ","")&IF(AW13="X",$A13&", ","")&IF(AW14="X",$A14&", ","")&IF(AW15="X",$A15&", ","")&IF(AW16="X",$A16&", ","")&IF(AW17="X",$A17&", ","")&IF(AW18="X",$A18&", ","")&IF(AW19="X",$A19&", ","")&IF(AW20="X",$A20&", ","")&IF(AW21="X",$A21&", ","") -> Interpretacion, Persuasion,
A76: =Razas!A19 -> Orc | D76: =IF(AX4="X",$A$4&", ","")&IF(AX5="X",$A$5&", ","")&IF(AX6="X",$A$6&", ","")&IF(AX7="X",$A$7&", ","")&IF(AX8="X",$A$8&", ","")&IF(AX9="X",$A$9&", ","")&IF(AX10="X",$A$10&", ","")&IF(AX11="X",$A$11&", ","")&IF(AX12="X",$A12&", ","")&IF(AX13="X",$A13&", ","")&IF(AX14="X",$A14&", ","")&IF(AX15="X",$A15&", ","")&IF(AX16="X",$A16&", ","")&IF(AX17="X",$A17&", ","")&IF(AX18="X",$A18&", ","")&IF(AX19="X",$A19&", ","")&IF(AX20="X",$A20&", ","")&IF(AX21="X",$A21&", ","") -> Percepcion,
A77: =Razas!A20 -> Half-Orc | D77: =IF(AY4="X",$A$4&", ","")&IF(AY5="X",$A$5&", ","")&IF(AY6="X",$A$6&", ","")&IF(AY7="X",$A$7&", ","")&IF(AY8="X",$A$8&", ","")&IF(AY9="X",$A$9&", ","")&IF(AY10="X",$A$10&", ","")&IF(AY11="X",$A$11&", ","")&IF(AY12="X",$A12&", ","")&IF(AY13="X",$A13&", ","")&IF(AY14="X",$A14&", ","")&IF(AY15="X",$A15&", ","")&IF(AY16="X",$A16&", ","")&IF(AY17="X",$A17&", ","")&IF(AY18="X",$A18&", ","")&IF(AY19="X",$A19&", ","")&IF(AY20="X",$A20&", ","")&IF(AY21="X",$A21&", ","") -> Intimidacion,
A78: =Razas!A21 -> Orc | D78: =IF(AZ4="X",$A$4&", ","")&IF(AZ5="X",$A$5&", ","")&IF(AZ6="X",$A$6&", ","")&IF(AZ7="X",$A$7&", ","")&IF(AZ8="X",$A$8&", ","")&IF(AZ9="X",$A$9&", ","")&IF(AZ10="X",$A$10&", ","")&IF(AZ11="X",$A$11&", ","")&IF(AZ12="X",$A12&", ","")&IF(AZ13="X",$A13&", ","")&IF(AZ14="X",$A14&", ","")&IF(AZ15="X",$A15&", ","")&IF(AZ16="X",$A16&", ","")&IF(AZ17="X",$A17&", ","")&IF(AZ18="X",$A18&", ","")&IF(AZ19="X",$A19&", ","")&IF(AZ20="X",$A20&", ","")&IF(AZ21="X",$A21&", ","")
A80: =Razas!A23 -> Medianos | D80: =IF(BA4="X",$A$4&", ","")&IF(BA5="X",$A$5&", ","")&IF(BA6="X",$A$6&", ","")&IF(BA7="X",$A$7&", ","")&IF(BA8="X",$A$8&", ","")&IF(BA9="X",$A$9&", ","")&IF(BA10="X",$A$10&", ","")&IF(BA11="X",$A$11&", ","")&IF(BA12="X",$A12&", ","")&IF(BA13="X",$A13&", ","")&IF(BA14="X",$A14&", ","")&IF(BA15="X",$A15&", ","")&IF(BA16="X",$A16&", ","")&IF(BA17="X",$A17&", ","")&IF(BA18="X",$A18&", ","")&IF(BA19="X",$A19&", ","")&IF(BA20="X",$A20&", ","")&IF(BA21="X",$A21&", ","")
A81: =Razas!A24 -> Dwarf | D81: =IF(BB4="X",$A$4&", ","")&IF(BB5="X",$A$5&", ","")&IF(BB6="X",$A$6&", ","")&IF(BB7="X",$A$7&", ","")&IF(BB8="X",$A$8&", ","")&IF(BB9="X",$A$9&", ","")&IF(BB10="X",$A$10&", ","")&IF(BB11="X",$A$11&", ","")&IF(BB12="X",$A12&", ","")&IF(BB13="X",$A13&", ","")&IF(BB14="X",$A14&", ","")&IF(BB15="X",$A15&", ","")&IF(BB16="X",$A16&", ","")&IF(BB17="X",$A17&", ","")&IF(BB18="X",$A18&", ","")&IF(BB19="X",$A19&", ","")&IF(BB20="X",$A20&", ","")&IF(BB21="X",$A21&", ","")
A82: =Razas!A25 -> Dwarf | D82: =IF(BC4="X",$A$4&", ","")&IF(BC5="X",$A$5&", ","")&IF(BC6="X",$A$6&", ","")&IF(BC7="X",$A$7&", ","")&IF(BC8="X",$A$8&", ","")&IF(BC9="X",$A$9&", ","")&IF(BC10="X",$A$10&", ","")&IF(BC11="X",$A$11&", ","")&IF(BC12="X",$A12&", ","")&IF(BC13="X",$A13&", ","")&IF(BC14="X",$A14&", ","")&IF(BC15="X",$A15&", ","")&IF(BC16="X",$A16&", ","")&IF(BC17="X",$A17&", ","")&IF(BC18="X",$A18&", ","")&IF(BC19="X",$A19&", ","")&IF(BC20="X",$A20&", ","")&IF(BC21="X",$A21&", ","")
A83: =Razas!A26 -> Dwarf | D83: =IF(BD4="X",$A$4&", ","")&IF(BD5="X",$A$5&", ","")&IF(BD6="X",$A$6&", ","")&IF(BD7="X",$A$7&", ","")&IF(BD8="X",$A$8&", ","")&IF(BD9="X",$A$9&", ","")&IF(BD10="X",$A$10&", ","")&IF(BD11="X",$A$11&", ","")&IF(BD12="X",$A12&", ","")&IF(BD13="X",$A13&", ","")&IF(BD14="X",$A14&", ","")&IF(BD15="X",$A15&", ","")&IF(BD16="X",$A16&", ","")&IF(BD17="X",$A17&", ","")&IF(BD18="X",$A18&", ","")&IF(BD19="X",$A19&", ","")&IF(BD20="X",$A20&", ","")&IF(BD21="X",$A21&", ","")
A85: Elf | D85: =IF(BE4="X",$A$4&", ","")&IF(BE5="X",$A$5&", ","")&IF(BE6="X",$A$6&", ","")&IF(BE7="X",$A$7&", ","")&IF(BE8="X",$A$8&", ","")&IF(BE9="X",$A$9&", ","")&IF(BE10="X",$A$10&", ","")&IF(BE11="X",$A$11&", ","")&IF(BE12="X",$A12&", ","")&IF(BE13="X",$A13&", ","")&IF(BE14="X",$A14&", ","")&IF(BE15="X",$A15&", ","")&IF(BE16="X",$A16&", ","")&IF(BE17="X",$A17&", ","")&IF(BE18="X",$A18&", ","")&IF(BE19="X",$A19&", ","")&IF(BE20="X",$A20&", ","")&IF(BE21="X",$A21&", ","")
A86: =Razas!A29 -> Elf | D86: =IF(BF4="X",$A$4&", ","")&IF(BF5="X",$A$5&", ","")&IF(BF6="X",$A$6&", ","")&IF(BF7="X",$A$7&", ","")&IF(BF8="X",$A$8&", ","")&IF(BF9="X",$A$9&", ","")&IF(BF10="X",$A$10&", ","")&IF(BF11="X",$A$11&", ","")&IF(BF12="X",$A12&", ","")&IF(BF13="X",$A13&", ","")&IF(BF14="X",$A14&", ","")&IF(BF15="X",$A15&", ","")&IF(BF16="X",$A16&", ","")&IF(BF17="X",$A17&", ","")&IF(BF18="X",$A18&", ","")&IF(BF19="X",$A19&", ","")&IF(BF20="X",$A20&", ","")&IF(BF21="X",$A21&", ","")
A87: =Razas!A30 -> Elf | D87: =IF(BG4="X",$A$4&", ","")&IF(BG5="X",$A$5&", ","")&IF(BG6="X",$A$6&", ","")&IF(BG7="X",$A$7&", ","")&IF(BG8="X",$A$8&", ","")&IF(BG9="X",$A$9&", ","")&IF(BG10="X",$A$10&", ","")&IF(BG11="X",$A$11&", ","")&IF(BG12="X",$A12&", ","")&IF(BG13="X",$A13&", ","")&IF(BG14="X",$A14&", ","")&IF(BG15="X",$A15&", ","")&IF(BG16="X",$A16&", ","")&IF(BG17="X",$A17&", ","")&IF(BG18="X",$A18&", ","")&IF(BG19="X",$A19&", ","")&IF(BG20="X",$A20&", ","")&IF(BG21="X",$A21&", ","")
A88: =Razas!A31 -> Elf | D88: =IF(BH4="X",$A$4&", ","")&IF(BH5="X",$A$5&", ","")&IF(BH6="X",$A$6&", ","")&IF(BH7="X",$A$7&", ","")&IF(BH8="X",$A$8&", ","")&IF(BH9="X",$A$9&", ","")&IF(BH10="X",$A$10&", ","")&IF(BH11="X",$A$11&", ","")&IF(BH12="X",$A12&", ","")&IF(BH13="X",$A13&", ","")&IF(BH14="X",$A14&", ","")&IF(BH15="X",$A15&", ","")&IF(BH16="X",$A16&", ","")&IF(BH17="X",$A17&", ","")&IF(BH18="X",$A18&", ","")&IF(BH19="X",$A19&", ","")&IF(BH20="X",$A20&", ","")&IF(BH21="X",$A21&", ","")
A89: =Razas!A32 -> Half-Elf | D89: =IF(BI4="X",$A$4&", ","")&IF(BI5="X",$A$5&", ","")&IF(BI6="X",$A$6&", ","")&IF(BI7="X",$A$7&", ","")&IF(BI8="X",$A$8&", ","")&IF(BI9="X",$A$9&", ","")&IF(BI10="X",$A$10&", ","")&IF(BI11="X",$A$11&", ","")&IF(BI12="X",$A12&", ","")&IF(BI13="X",$A13&", ","")&IF(BI14="X",$A14&", ","")&IF(BI15="X",$A15&", ","")&IF(BI16="X",$A16&", ","")&IF(BI17="X",$A17&", ","")&IF(BI18="X",$A18&", ","")&IF(BI19="X",$A19&", ","")&IF(BI20="X",$A20&", ","")&IF(BI21="X",$A21&", ","")
A90: =Razas!A33 -> Half-Elf | D90: =IF(BJ4="X",$A$4&", ","")&IF(BJ5="X",$A$5&", ","")&IF(BJ6="X",$A$6&", ","")&IF(BJ7="X",$A$7&", ","")&IF(BJ8="X",$A$8&", ","")&IF(BJ9="X",$A$9&", ","")&IF(BJ10="X",$A$10&", ","")&IF(BJ11="X",$A$11&", ","")&IF(BJ12="X",$A12&", ","")&IF(BJ13="X",$A13&", ","")&IF(BJ14="X",$A14&", ","")&IF(BJ15="X",$A15&", ","")&IF(BJ16="X",$A16&", ","")&IF(BJ17="X",$A17&", ","")&IF(BJ18="X",$A18&", ","")&IF(BJ19="X",$A19&", ","")&IF(BJ20="X",$A20&", ","")&IF(BJ21="X",$A21&", ","")
A92: =Razas!A35 -> Gnome | D92: =IF(BK4="X",$A$4&", ","")&IF(BK5="X",$A$5&", ","")&IF(BK6="X",$A$6&", ","")&IF(BK7="X",$A$7&", ","")&IF(BK8="X",$A$8&", ","")&IF(BK9="X",$A$9&", ","")&IF(BK10="X",$A$10&", ","")&IF(BK11="X",$A$11&", ","")&IF(BK12="X",$A12&", ","")&IF(BK13="X",$A13&", ","")&IF(BK14="X",$A14&", ","")&IF(BK15="X",$A15&", ","")&IF(BK16="X",$A16&", ","")&IF(BK17="X",$A17&", ","")&IF(BK18="X",$A18&", ","")&IF(BK19="X",$A19&", ","")&IF(BK20="X",$A20&", ","")&IF(BK21="X",$A21&", ","")
A93: =Razas!A36 -> Gnome | D93: =IF(BL4="X",$A$4&", ","")&IF(BL5="X",$A$5&", ","")&IF(BL6="X",$A$6&", ","")&IF(BL7="X",$A$7&", ","")&IF(BL8="X",$A$8&", ","")&IF(BL9="X",$A$9&", ","")&IF(BL10="X",$A$10&", ","")&IF(BL11="X",$A$11&", ","")&IF(BL12="X",$A12&", ","")&IF(BL13="X",$A13&", ","")&IF(BL14="X",$A14&", ","")&IF(BL15="X",$A15&", ","")&IF(BL16="X",$A16&", ","")&IF(BL17="X",$A17&", ","")&IF(BL18="X",$A18&", ","")&IF(BL19="X",$A19&", ","")&IF(BL20="X",$A20&", ","")&IF(BL21="X",$A21&", ","")
A94: =Razas!A37 -> Gnome | D94: =IF(BM4="X",$A$4&", ","")&IF(BM5="X",$A$5&", ","")&IF(BM6="X",$A$6&", ","")&IF(BM7="X",$A$7&", ","")&IF(BM8="X",$A$8&", ","")&IF(BM9="X",$A$9&", ","")&IF(BM10="X",$A$10&", ","")&IF(BM11="X",$A$11&", ","")&IF(BM12="X",$A12&", ","")&IF(BM13="X",$A13&", ","")&IF(BM14="X",$A14&", ","")&IF(BM15="X",$A15&", ","")&IF(BM16="X",$A16&", ","")&IF(BM17="X",$A17&", ","")&IF(BM18="X",$A18&", ","")&IF(BM19="X",$A19&", ","")&IF(BM20="X",$A20&", ","")&IF(BM21="X",$A21&", ","")
A96: =Razas!A39 -> Yokai | D96: =IF(BN4="X",$A$4&", ","")&IF(BN5="X",$A$5&", ","")&IF(BN6="X",$A$6&", ","")&IF(BN7="X",$A$7&", ","")&IF(BN8="X",$A$8&", ","")&IF(BN9="X",$A$9&", ","")&IF(BN10="X",$A$10&", ","")&IF(BN11="X",$A$11&", ","")&IF(BN12="X",$A12&", ","")&IF(BN13="X",$A13&", ","")&IF(BN14="X",$A14&", ","")&IF(BN15="X",$A15&", ","")&IF(BN16="X",$A16&", ","")&IF(BN17="X",$A17&", ","")&IF(BN18="X",$A18&", ","")&IF(BN19="X",$A19&", ","")&IF(BN20="X",$A20&", ","")&IF(BN21="X",$A21&", ","")
A97: =Razas!A40 -> Locathah | D97: =IF(BO4="X",$A$4&", ","")&IF(BO5="X",$A$5&", ","")&IF(BO6="X",$A$6&", ","")&IF(BO7="X",$A$7&", ","")&IF(BO8="X",$A$8&", ","")&IF(BO9="X",$A$9&", ","")&IF(BO10="X",$A$10&", ","")&IF(BO11="X",$A$11&", ","")&IF(BO12="X",$A12&", ","")&IF(BO13="X",$A13&", ","")&IF(BO14="X",$A14&", ","")&IF(BO15="X",$A15&", ","")&IF(BO16="X",$A16&", ","")&IF(BO17="X",$A17&", ","")&IF(BO18="X",$A18&", ","")&IF(BO19="X",$A19&", ","")&IF(BO20="X",$A20&", ","")&IF(BO21="X",$A21&", ","")
A98: =Razas!A41 -> Loxodon | D98: =IF(BP4="X",$A$4&", ","")&IF(BP5="X",$A$5&", ","")&IF(BP6="X",$A$6&", ","")&IF(BP7="X",$A$7&", ","")&IF(BP8="X",$A$8&", ","")&IF(BP9="X",$A$9&", ","")&IF(BP10="X",$A$10&", ","")&IF(BP11="X",$A$11&", ","")&IF(BP12="X",$A12&", ","")&IF(BP13="X",$A13&", ","")&IF(BP14="X",$A14&", ","")&IF(BP15="X",$A15&", ","")&IF(BP16="X",$A16&", ","")&IF(BP17="X",$A17&", ","")&IF(BP18="X",$A18&", ","")&IF(BP19="X",$A19&", ","")&IF(BP20="X",$A20&", ","")&IF(BP21="X",$A21&", ","")
A100: =Razas!A43 -> Tiefling | D100: =IF(BQ4="X",$A$4&", ","")&IF(BQ5="X",$A$5&", ","")&IF(BQ6="X",$A$6&", ","")&IF(BQ7="X",$A$7&", ","")&IF(BQ8="X",$A$8&", ","")&IF(BQ9="X",$A$9&", ","")&IF(BQ10="X",$A$10&", ","")&IF(BQ11="X",$A$11&", ","")&IF(BQ12="X",$A12&", ","")&IF(BQ13="X",$A13&", ","")&IF(BQ14="X",$A14&", ","")&IF(BQ15="X",$A15&", ","")&IF(BQ16="X",$A16&", ","")&IF(BQ17="X",$A17&", ","")&IF(BQ18="X",$A18&", ","")&IF(BQ19="X",$A19&", ","")&IF(BQ20="X",$A20&", ","")&IF(BQ21="X",$A21&", ","")
A101: =Razas!A44 -> Tiefling | D101: =IF(BR4="X",$A$4&", ","")&IF(BR5="X",$A$5&", ","")&IF(BR6="X",$A$6&", ","")&IF(BR7="X",$A$7&", ","")&IF(BR8="X",$A$8&", ","")&IF(BR9="X",$A$9&", ","")&IF(BR10="X",$A$10&", ","")&IF(BR11="X",$A$11&", ","")&IF(BR12="X",$A12&", ","")&IF(BR13="X",$A13&", ","")&IF(BR14="X",$A14&", ","")&IF(BR15="X",$A15&", ","")&IF(BR16="X",$A16&", ","")&IF(BR17="X",$A17&", ","")&IF(BR18="X",$A18&", ","")&IF(BR19="X",$A19&", ","")&IF(BR20="X",$A20&", ","")&IF(BR21="X",$A21&", ","")
A102: =Razas!A45 -> Tiefling | D102: =IF(BS4="X",$A$4&", ","")&IF(BS5="X",$A$5&", ","")&IF(BS6="X",$A$6&", ","")&IF(BS7="X",$A$7&", ","")&IF(BS8="X",$A$8&", ","")&IF(BS9="X",$A$9&", ","")&IF(BS10="X",$A$10&", ","")&IF(BS11="X",$A$11&", ","")&IF(BS12="X",$A12&", ","")&IF(BS13="X",$A13&", ","")&IF(BS14="X",$A14&", ","")&IF(BS15="X",$A15&", ","")&IF(BS16="X",$A16&", ","")&IF(BS17="X",$A17&", ","")&IF(BS18="X",$A18&", ","")&IF(BS19="X",$A19&", ","")&IF(BS20="X",$A20&", ","")&IF(BS21="X",$A21&", ","")
A103: =Razas!A46 -> Tiefling | D103: =IF(BT4="X",$A$4&", ","")&IF(BT5="X",$A$5&", ","")&IF(BT6="X",$A$6&", ","")&IF(BT7="X",$A$7&", ","")&IF(BT8="X",$A$8&", ","")&IF(BT9="X",$A$9&", ","")&IF(BT10="X",$A$10&", ","")&IF(BT11="X",$A$11&", ","")&IF(BT12="X",$A12&", ","")&IF(BT13="X",$A13&", ","")&IF(BT14="X",$A14&", ","")&IF(BT15="X",$A15&", ","")&IF(BT16="X",$A16&", ","")&IF(BT17="X",$A17&", ","")&IF(BT18="X",$A18&", ","")&IF(BT19="X",$A19&", ","")&IF(BT20="X",$A20&", ","")&IF(BT21="X",$A21&", ","")
A105: =Razas!A48 -> No Muertos | D105: =IF(BU4="X",$A$4&", ","")&IF(BU5="X",$A$5&", ","")&IF(BU6="X",$A$6&", ","")&IF(BU7="X",$A$7&", ","")&IF(BU8="X",$A$8&", ","")&IF(BU9="X",$A$9&", ","")&IF(BU10="X",$A$10&", ","")&IF(BU11="X",$A$11&", ","")&IF(BU12="X",$A12&", ","")&IF(BU13="X",$A13&", ","")&IF(BU14="X",$A14&", ","")&IF(BU15="X",$A15&", ","")&IF(BU16="X",$A16&", ","")&IF(BU17="X",$A17&", ","")&IF(BU18="X",$A18&", ","")&IF(BU19="X",$A19&", ","")&IF(BU20="X",$A20&", ","")&IF(BU21="X",$A21&", ","")
A106: =Razas!A49 -> No Muertos | D106: =IF(BV4="X",$A$4&", ","")&IF(BV5="X",$A$5&", ","")&IF(BV6="X",$A$6&", ","")&IF(BV7="X",$A$7&", ","")&IF(BV8="X",$A$8&", ","")&IF(BV9="X",$A$9&", ","")&IF(BV10="X",$A$10&", ","")&IF(BV11="X",$A$11&", ","")&IF(BV12="X",$A12&", ","")&IF(BV13="X",$A13&", ","")&IF(BV14="X",$A14&", ","")&IF(BV15="X",$A15&", ","")&IF(BV16="X",$A16&", ","")&IF(BV17="X",$A17&", ","")&IF(BV18="X",$A18&", ","")&IF(BV19="X",$A19&", ","")&IF(BV20="X",$A20&", ","")&IF(BV21="X",$A21&", ","")
A107: =Razas!A50 -> No Muertos | D107: =IF(BW4="X",$A$4&", ","")&IF(BW5="X",$A$5&", ","")&IF(BW6="X",$A$6&", ","")&IF(BW7="X",$A$7&", ","")&IF(BW8="X",$A$8&", ","")&IF(BW9="X",$A$9&", ","")&IF(BW10="X",$A$10&", ","")&IF(BW11="X",$A$11&", ","")&IF(BW12="X",$A12&", ","")&IF(BW13="X",$A13&", ","")&IF(BW14="X",$A14&", ","")&IF(BW15="X",$A15&", ","")&IF(BW16="X",$A16&", ","")&IF(BW17="X",$A17&", ","")&IF(BW18="X",$A18&", ","")&IF(BW19="X",$A19&", ","")&IF(BW20="X",$A20&", ","")&IF(BW21="X",$A21&", ","")
A109: =Razas!A52 -> Nagas | D109: =IF(BX4="X",$A$4&", ","")&IF(BX5="X",$A$5&", ","")&IF(BX6="X",$A$6&", ","")&IF(BX7="X",$A$7&", ","")&IF(BX8="X",$A$8&", ","")&IF(BX9="X",$A$9&", ","")&IF(BX10="X",$A$10&", ","")&IF(BX11="X",$A$11&", ","")&IF(BX12="X",$A12&", ","")&IF(BX13="X",$A13&", ","")&IF(BX14="X",$A14&", ","")&IF(BX15="X",$A15&", ","")&IF(BX16="X",$A16&", ","")&IF(BX17="X",$A17&", ","")&IF(BX18="X",$A18&", ","")&IF(BX19="X",$A19&", ","")&IF(BX20="X",$A20&", ","")&IF(BX21="X",$A21&", ","")
A110: =Razas!A53 -> Nagas | D110: =IF(BY4="X",$A$4&", ","")&IF(BY5="X",$A$5&", ","")&IF(BY6="X",$A$6&", ","")&IF(BY7="X",$A$7&", ","")&IF(BY8="X",$A$8&", ","")&IF(BY9="X",$A$9&", ","")&IF(BY10="X",$A$10&", ","")&IF(BY11="X",$A$11&", ","")&IF(BY12="X",$A12&", ","")&IF(BY13="X",$A13&", ","")&IF(BY14="X",$A14&", ","")&IF(BY15="X",$A15&", ","")&IF(BY16="X",$A16&", ","")&IF(BY17="X",$A17&", ","")&IF(BY18="X",$A18&", ","")&IF(BY19="X",$A19&", ","")&IF(BY20="X",$A20&", ","")&IF(BY21="X",$A21&", ","") -> Juego de Manos, Sigilo,
A111: =Razas!A54 -> Nagas | D111: =IF(BZ4="X",$A$4&", ","")&IF(BZ5="X",$A$5&", ","")&IF(BZ6="X",$A$6&", ","")&IF(BZ7="X",$A$7&", ","")&IF(BZ8="X",$A$8&", ","")&IF(BZ9="X",$A$9&", ","")&IF(BZ10="X",$A$10&", ","")&IF(BZ11="X",$A$11&", ","")&IF(BZ12="X",$A12&", ","")&IF(BZ13="X",$A13&", ","")&IF(BZ14="X",$A14&", ","")&IF(BZ15="X",$A15&", ","")&IF(BZ16="X",$A16&", ","")&IF(BZ17="X",$A17&", ","")&IF(BZ18="X",$A18&", ","")&IF(BZ19="X",$A19&", ","")&IF(BZ20="X",$A20&", ","")&IF(BZ21="X",$A21&", ","") -> Engaño, Persuasion,
A113: =Razas!A56 -> Dracónidos | D113: =IF(CA4="X",$A$4&", ","")&IF(CA5="X",$A$5&", ","")&IF(CA6="X",$A$6&", ","")&IF(CA7="X",$A$7&", ","")&IF(CA8="X",$A$8&", ","")&IF(CA9="X",$A$9&", ","")&IF(CA10="X",$A$10&", ","")&IF(CA11="X",$A$11&", ","")&IF(CA12="X",$A12&", ","")&IF(CA13="X",$A13&", ","")&IF(CA14="X",$A14&", ","")&IF(CA15="X",$A15&", ","")&IF(CA16="X",$A16&", ","")&IF(CA17="X",$A17&", ","")&IF(CA18="X",$A18&", ","")&IF(CA19="X",$A19&", ","")&IF(CA20="X",$A20&", ","")&IF(CA21="X",$A21&", ","")
A114: =Razas!A57 -> Dracónidos | D114: =IF(CB4="X",$A$4&", ","")&IF(CB5="X",$A$5&", ","")&IF(CB6="X",$A$6&", ","")&IF(CB7="X",$A$7&", ","")&IF(CB8="X",$A$8&", ","")&IF(CB9="X",$A$9&", ","")&IF(CB10="X",$A$10&", ","")&IF(CB11="X",$A$11&", ","")&IF(CB12="X",$A12&", ","")&IF(CB13="X",$A13&", ","")&IF(CB14="X",$A14&", ","")&IF(CB15="X",$A15&", ","")&IF(CB16="X",$A16&", ","")&IF(CB17="X",$A17&", ","")&IF(CB18="X",$A18&", ","")&IF(CB19="X",$A19&", ","")&IF(CB20="X",$A20&", ","")&IF(CB21="X",$A21&", ","")
A115: =Razas!A58 -> Dracónidos | D115: =IF(CC4="X",$A$4&", ","")&IF(CC5="X",$A$5&", ","")&IF(CC6="X",$A$6&", ","")&IF(CC7="X",$A$7&", ","")&IF(CC8="X",$A$8&", ","")&IF(CC9="X",$A$9&", ","")&IF(CC10="X",$A$10&", ","")&IF(CC11="X",$A$11&", ","")&IF(CC12="X",$A12&", ","")&IF(CC13="X",$A13&", ","")&IF(CC14="X",$A14&", ","")&IF(CC15="X",$A15&", ","")&IF(CC16="X",$A16&", ","")&IF(CC17="X",$A17&", ","")&IF(CC18="X",$A18&", ","")&IF(CC19="X",$A19&", ","")&IF(CC20="X",$A20&", ","")&IF(CC21="X",$A21&", ","")
A116: =Razas!A59 -> Dracónidos | D116: =IF(CD4="X",$A$4&", ","")&IF(CD5="X",$A$5&", ","")&IF(CD6="X",$A$6&", ","")&IF(CD7="X",$A$7&", ","")&IF(CD8="X",$A$8&", ","")&IF(CD9="X",$A$9&", ","")&IF(CD10="X",$A$10&", ","")&IF(CD11="X",$A$11&", ","")&IF(CD12="X",$A12&", ","")&IF(CD13="X",$A13&", ","")&IF(CD14="X",$A14&", ","")&IF(CD15="X",$A15&", ","")&IF(CD16="X",$A16&", ","")&IF(CD17="X",$A17&", ","")&IF(CD18="X",$A18&", ","")&IF(CD19="X",$A19&", ","")&IF(CD20="X",$A20&", ","")&IF(CD21="X",$A21&", ","")
A117: =Razas!A60 -> Dracónidos | D117: =IF(CE4="X",$A$4&", ","")&IF(CE5="X",$A$5&", ","")&IF(CE6="X",$A$6&", ","")&IF(CE7="X",$A$7&", ","")&IF(CE8="X",$A$8&", ","")&IF(CE9="X",$A$9&", ","")&IF(CE10="X",$A$10&", ","")&IF(CE11="X",$A$11&", ","")&IF(CE12="X",$A12&", ","")&IF(CE13="X",$A13&", ","")&IF(CE14="X",$A14&", ","")&IF(CE15="X",$A15&", ","")&IF(CE16="X",$A16&", ","")&IF(CE17="X",$A17&", ","")&IF(CE18="X",$A18&", ","")&IF(CE19="X",$A19&", ","")&IF(CE20="X",$A20&", ","")&IF(CE21="X",$A21&", ","")
A118: =Razas!A61 -> Dracónidos | D118: =IF(CF4="X",$A$4&", ","")&IF(CF5="X",$A$5&", ","")&IF(CF6="X",$A$6&", ","")&IF(CF7="X",$A$7&", ","")&IF(CF8="X",$A$8&", ","")&IF(CF9="X",$A$9&", ","")&IF(CF10="X",$A$10&", ","")&IF(CF11="X",$A$11&", ","")&IF(CF12="X",$A12&", ","")&IF(CF13="X",$A13&", ","")&IF(CF14="X",$A14&", ","")&IF(CF15="X",$A15&", ","")&IF(CF16="X",$A16&", ","")&IF(CF17="X",$A17&", ","")&IF(CF18="X",$A18&", ","")&IF(CF19="X",$A19&", ","")&IF(CF20="X",$A20&", ","")&IF(CF21="X",$A21&", ","")
A120: =Razas!A63 -> Human | D120: =IF(CG4="X",$A$4&", ","")&IF(CG5="X",$A$5&", ","")&IF(CG6="X",$A$6&", ","")&IF(CG7="X",$A$7&", ","")&IF(CG8="X",$A$8&", ","")&IF(CG9="X",$A$9&", ","")&IF(CG10="X",$A$10&", ","")&IF(CG11="X",$A$11&", ","")&IF(CG12="X",$A12&", ","")&IF(CG13="X",$A13&", ","")&IF(CG14="X",$A14&", ","")&IF(CG15="X",$A15&", ","")&IF(CG16="X",$A16&", ","")&IF(CG17="X",$A17&", ","")&IF(CG18="X",$A18&", ","")&IF(CG19="X",$A19&", ","")&IF(CG20="X",$A20&", ","")&IF(CG21="X",$A21&", ","")
A121: =Razas!A64 -> Aegroum | D121: =IF(CH4="X",$A$4&", ","")&IF(CH5="X",$A$5&", ","")&IF(CH6="X",$A$6&", ","")&IF(CH7="X",$A$7&", ","")&IF(CH8="X",$A$8&", ","")&IF(CH9="X",$A$9&", ","")&IF(CH10="X",$A$10&", ","")&IF(CH11="X",$A$11&", ","")&IF(CH12="X",$A12&", ","")&IF(CH13="X",$A13&", ","")&IF(CH14="X",$A14&", ","")&IF(CH15="X",$A15&", ","")&IF(CH16="X",$A16&", ","")&IF(CH17="X",$A17&", ","")&IF(CH18="X",$A18&", ","")&IF(CH19="X",$A19&", ","")&IF(CH20="X",$A20&", ","")&IF(CH21="X",$A21&", ","")
...
